BOARDID,TRADEDATE,CLOSE,VOLUME,VALUE
TQBR,2014-06-04,1170.0,35146,46288721.8
TQBR,2014-06-05,1145.1,24974,28927299.1
TQBR,2014-06-06,1163.0,7889,9160131.4
TQBR,2014-06-09,1172.1,7304,8481667.4
TQBR,2014-06-10,1170.0,3216,3768586.2
TQBR,2014-06-11,1179.9,8837,10370814.5
TQBR,2014-06-16,1165.0,13904,16246738.3
TQBR,2014-06-17,1185.5,8519,10024064.0
TQBR,2014-06-18,1182.9,1455,1717814.0
TQBR,2014-06-19,1168.0,1396,1630655.0
TQBR,2014-06-20,1175.0,2702,3162718.8
TQBR,2014-06-23,1196.0,14181,17075973.1
TQBR,2014-06-24,1191.8,3895,4675791.3
TQBR,2014-06-25,1176.8,3985,4669232.0
TQBR,2014-06-26,1185.0,2403,2827546.9
TQBR,2014-06-27,1185.0,1148,1358063.0
TQBR,2014-06-30,1218.0,8754,10436680.3
TQBR,2014-07-01,1218.2,3036,3710863.3
TQBR,2014-07-02,1200.0,33473,40464426.5
TQBR,2014-07-03,1192.0,25620,30777547.4
TQBR,2014-07-04,1186.0,2133,2545939.5
TQBR,2014-07-07,1160.0,19359,22564599.9
TQBR,2014-07-08,1113.4,26565,30074299.2
TQBR,2014-07-09,1094.0,19466,21176716.6
TQBR,2014-07-10,1077.8,11235,12238635.0
TQBR,2014-07-11,1099.3,35563,39026692.7
TQBR,2014-07-14,1118.9,6202,6886754.8
TQBR,2014-07-15,1114.3,2789,3108911.6
TQBR,2014-07-16,1106.5,7340,8101448.6
TQBR,2014-07-17,1088.0,7221,7919204.2
TQBR,2014-07-18,1072.3,7146,7593423.1
TQBR,2014-07-21,1047.5,8353,8905579.1
TQBR,2014-07-22,1060.0,10468,10984944.0
TQBR,2014-07-23,1056.2,5286,5580904.9
TQBR,2014-07-24,1077.8,5186,5572067.6
TQBR,2014-07-25,1075.1,5127,5596609.6
TQBR,2014-07-28,1055.0,3992,4262162.4
TQBR,2014-07-29,1116.0,11794,12977256.1
TQBR,2014-07-30,1120.0,3075,3435299.8
TQBR,2014-07-31,1087.7,4886,5401995.4
TQBR,2014-08-01,1062.2,6621,7108188.3
TQBR,2014-08-04,1089.5,7073,7707546.9
TQBR,2014-08-05,1094.6,528,574454.1
TQBR,2014-08-06,1060.1,3329,3527043.1
TQBR,2014-08-07,1054.5,3528,3711471.6
TQBR,2014-08-08,1033.5,7627,7957687.2
TQBR,2014-08-11,1053.0,13759,14507677.5
TQBR,2014-08-12,1052.1,15203,16143785.3
TQBR,2014-08-13,1054.6,2194,2316630.6
TQBR,2014-08-14,1053.1,3752,3937819.5
TQBR,2014-08-15,1041.0,3461,3620870.2
TQBR,2014-08-18,1032.0,5935,6130751.7
TQBR,2014-08-19,1089.0,16775,18193247.8
TQBR,2014-08-20,1109.7,6577,7279689.1
TQBR,2014-08-21,1089.2,10737,11716129.9
TQBR,2014-08-22,1050.0,16800,17834100.1
TQBR,2014-08-25,1061.6,2679,2827731.3
TQBR,2014-08-26,1056.0,3465,3679924.2
TQBR,2014-08-27,1062.1,457,484068.2
TQBR,2014-08-28,1055.0,10192,10718532.9
TQBR,2014-08-29,1050.0,7012,7370001.8
TQBR,2014-09-01,1055.5,184,194214.4
TQBR,2014-09-02,1087.6,1756,1892928.0
TQBR,2014-09-03,1116.8,49804,54847824.1
TQBR,2014-09-04,1119.0,13880,15651344.7
TQBR,2014-09-05,1159.6,15060,17145246.2
TQBR,2014-09-08,1173.7,12376,14547583.7
TQBR,2014-09-09,1157.3,1918,2233156.9
TQBR,2014-09-10,1149.0,3514,4051839.2
TQBR,2014-09-11,1149.9,3651,4229731.4
TQBR,2014-09-12,1173.7,4322,5055268.4
TQBR,2014-09-15,1230.0,26905,32606771.7
TQBR,2014-09-16,1176.8,41462,49850200.8
TQBR,2014-09-17,1174.1,22337,26650391.6
TQBR,2014-09-18,1164.1,17209,20406495.2
TQBR,2014-09-19,1148.5,18414,21086250.8
TQBR,2014-09-22,1135.2,9633,11024023.5
TQBR,2014-09-23,1125.0,11478,12842961.9
TQBR,2014-09-24,1130.0,12744,14309434.7
TQBR,2014-09-25,1154.0,16407,19076893.2
TQBR,2014-09-26,1162.0,8655,10018368.5
TQBR,2014-09-29,1131.3,15825,17979788.8
TQBR,2014-09-30,1130.7,18898,21461359.6
TQBR,2014-10-01,1091.0,10870,12027958.0
TQBR,2014-10-02,1035.0,9479,9976822.0
TQBR,2014-10-03,1078.0,7461,7975744.0
TQBR,2014-10-06,1082.0,12208,13241606.0
TQBR,2014-10-07,1069.0,6037,6442751.0
TQBR,2014-10-08,1036.0,5456,5688798.0
TQBR,2014-10-09,1037.0,3451,3616849.0
TQBR,2014-10-10,1011.0,4958,5054717.0
TQBR,2014-10-13,996.0,18937,19201322.0
TQBR,2014-10-14,1050.0,17512,18045743.0
TQBR,2014-10-15,1015.0,15854,16386257.0
TQBR,2014-10-16,1035.0,11639,11896034.0
TQBR,2014-10-17,1077.0,19695,21277414.0
TQBR,2014-10-20,1072.0,7157,7690442.0
TQBR,2014-10-21,1096.0,7164,7787248.0
TQBR,2014-10-22,1125.0,12210,13612930.0
TQBR,2014-10-23,1155.0,41504,47179161.0
TQBR,2014-10-24,1142.0,11694,13431870.0
TQBR,2014-10-27,1153.0,4996,5788377.0
TQBR,2014-10-28,1196.0,17960,21256750.0
TQBR,2014-10-29,1208.0,14261,17305752.0
TQBR,2014-10-30,1174.0,17743,21346267.0
TQBR,2014-10-31,1213.0,39161,47255548.0
TQBR,2014-11-03,1233.0,3698,4563522.0
TQBR,2014-11-05,1214.0,8978,11020176.0
TQBR,2014-11-06,1229.0,12389,15395624.0
TQBR,2014-11-07,1233.0,13308,16652542.0
TQBR,2014-11-10,1214.0,16825,20499018.0
TQBR,2014-11-11,1221.0,9302,11429456.0
TQBR,2014-11-12,1221.0,4480,5458424.0
TQBR,2014-11-13,1230.0,4985,6169471.0
TQBR,2014-11-14,1224.0,3632,4507514.0
TQBR,2014-11-17,1230.0,2447,3019772.0
TQBR,2014-11-18,1224.0,5125,6269659.0
TQBR,2014-11-19,1206.0,1726,2093673.0
TQBR,2014-11-20,1209.0,3247,3909439.0
TQBR,2014-11-21,1226.0,10804,12946125.0
TQBR,2014-11-24,1183.0,6219,7560868.0
TQBR,2014-11-25,1208.0,4155,4994556.0
TQBR,2014-11-26,1235.0,7898,9573342.0
TQBR,2014-11-27,1230.0,9577,11598586.0
TQBR,2014-11-28,1238.0,19198,24188780.0
TQBR,2014-12-01,1244.0,21771,27572016.0
TQBR,2014-12-02,1283.0,17393,21861862.0
TQBR,2014-12-03,1280.0,22431,28595070.0
TQBR,2014-12-04,1236.0,19206,24043812.0
TQBR,2014-12-05,1149.0,29998,35523603.0
TQBR,2014-12-08,1090.0,16368,18482769.0
TQBR,2014-12-09,1075.0,24783,26241184.0
TQBR,2014-12-10,1088.0,35769,38583347.0
TQBR,2014-12-11,1055.0,28533,30236081.0
TQBR,2014-12-12,1133.0,26472,28475398.0
TQBR,2014-12-15,1127.0,33525,38785871.0
TQBR,2014-12-16,1131.0,26790,30729664.0
TQBR,2014-12-17,1096.0,13521,15256764.0
TQBR,2014-12-18,1100.0,27341,30313051.0
TQBR,2014-12-19,1063.0,32333,34158827.0
TQBR,2014-12-22,1000.0,27332,27764305.0
TQBR,2014-12-23,1013.0,11153,11204709.0
TQBR,2014-12-24,996.0,40942,40946294.0
TQBR,2014-12-25,1038.0,35626,36847094.0
TQBR,2014-12-26,991.0,24041,24384969.0
TQBR,2014-12-29,1028.0,37278,37484871.0
TQBR,2014-12-30,1025.0,11610,12069651.0
TQBR,2015-01-05,1079.0,8834,9505528.0
TQBR,2015-01-06,1092.0,4009,4334381.0
TQBR,2015-01-08,1094.0,5960,6467362.0
TQBR,2015-01-09,1098.0,3064,3336545.0
TQBR,2015-01-12,1113.0,7511,8388629.0
TQBR,2015-01-13,1153.0,72155,81767227.0
TQBR,2015-01-14,1177.0,18285,21165169.0
TQBR,2015-01-15,1175.0,34207,40441752.0
TQBR,2015-01-16,1165.0,8067,9343421.0
TQBR,2015-01-19,1165.0,9278,10821086.0
TQBR,2015-01-20,1122.0,41989,47691270.0
TQBR,2015-01-21,1083.0,109370,119605034.0
TQBR,2015-01-22,1106.0,25857,28326284.0
TQBR,2015-01-23,1117.0,36333,41054144.0
TQBR,2015-01-26,1121.0,11550,12884839.0
TQBR,2015-01-27,1095.0,12515,13791226.0
TQBR,2015-01-28,1081.0,23975,26123870.0
TQBR,2015-01-29,1075.0,83883,88945643.0
TQBR,2015-01-30,1075.0,99815,108901470.0
TQBR,2015-02-02,998.0,56487,57564005.0
TQBR,2015-02-03,997.0,75020,75985574.0
TQBR,2015-02-04,1050.0,41377,42622972.0
TQBR,2015-02-05,1090.0,37434,39724733.0
TQBR,2015-02-06,1084.0,20518,22539708.0
TQBR,2015-02-09,1078.0,65849,72724276.0
TQBR,2015-02-10,1045.0,69119,73804179.0
TQBR,2015-02-11,1037.0,49561,52159695.0
TQBR,2015-02-12,1071.0,79591,86009698.0
TQBR,2015-02-13,1115.0,40958,44555863.0
TQBR,2015-02-16,1070.0,46228,49633380.0
TQBR,2015-02-17,1030.0,60018,63525362.0
TQBR,2015-02-18,1084.0,159145,175067864.0
TQBR,2015-02-19,1049.0,66788,70563280.0
TQBR,2015-02-20,1053.0,56420,60010516.0
TQBR,2015-02-24,1038.0,53301,55335450.0
TQBR,2015-02-25,1025.0,95426,99603202.0
TQBR,2015-02-26,1009.0,59208,60132089.0
TQBR,2015-02-27,1016.0,46134,46958861.0
TQBR,2015-03-02,1000.0,68716,68980641.0
TQBR,2015-03-03,1000.0,99947,100398500.0
TQBR,2015-03-04,996.0,361836,366303876.0
TQBR,2015-03-05,970.0,298623,297556297.0
TQBR,2015-03-06,932.0,98064,92269563.0
TQBR,2015-03-10,885.0,111168,99326582.0
TQBR,2015-03-11,898.0,73769,65476814.0
TQBR,2015-03-12,894.0,29977,26650657.0
TQBR,2015-03-13,880.0,42268,37442659.0
TQBR,2015-03-16,878.0,45891,41003261.0
TQBR,2015-03-17,889.0,34938,30739575.0
TQBR,2015-03-18,877.0,29003,25653180.0
TQBR,2015-03-19,874.0,46106,40252805.0
TQBR,2015-03-20,866.0,33000,28685285.0
TQBR,2015-03-23,874.0,42844,37513596.0
TQBR,2015-03-24,866.0,53437,46590734.0
TQBR,2015-03-25,885.0,33468,29285261.0
TQBR,2015-03-26,880.0,36203,31672187.0
TQBR,2015-03-27,883.0,20583,17922514.0
TQBR,2015-03-30,887.0,38555,34391140.0
TQBR,2015-03-31,893.0,28269,25033411.0
TQBR,2015-04-01,902.0,45171,40458780.0
TQBR,2015-04-02,919.0,63305,57440094.0
TQBR,2015-04-03,940.0,34954,32799225.0
TQBR,2015-04-06,934.0,39601,36866051.0
TQBR,2015-04-07,942.0,58412,55467994.0
TQBR,2015-04-08,946.0,38481,35887938.0
TQBR,2015-04-09,939.0,38163,35592250.0
TQBR,2015-04-10,940.0,41815,38936839.0
TQBR,2015-04-13,941.0,61203,58408670.0
TQBR,2015-04-14,910.0,65429,60951199.0
TQBR,2015-04-15,973.0,77722,73410976.0
TQBR,2015-04-16,1028.0,201660,202566871.0
TQBR,2015-04-17,1053.0,97633,101312005.0
TQBR,2015-04-20,1054.0,70768,74923057.0
TQBR,2015-04-21,1091.0,112991,122983277.0
TQBR,2015-04-22,1081.0,29001,31275059.0
TQBR,2015-04-23,1076.0,20456,21796410.0
TQBR,2015-04-24,1052.0,26802,28440914.0
TQBR,2015-04-27,1070.0,13031,13841755.0
TQBR,2015-04-28,986.0,136393,135466390.0
TQBR,2015-04-29,997.0,35140,34923036.0
TQBR,2015-04-30,1001.0,23473,23500826.0
TQBR,2015-05-05,985.0,46740,46794259.0
TQBR,2015-05-06,1006.0,55440,55175526.0
TQBR,2015-05-07,968.0,82000,80156843.0
TQBR,2015-05-08,979.0,52763,51733983.0
TQBR,2015-05-12,979.0,38788,38178756.0
TQBR,2015-05-13,944.0,78032,75143644.0
TQBR,2015-05-14,971.0,34923,33754637.0
TQBR,2015-05-15,950.0,28844,27802097.0
TQBR,2015-05-18,944.0,45590,42844831.0
TQBR,2015-05-19,939.0,54805,51872200.0
TQBR,2015-05-20,926.0,9760,9080144.0
TQBR,2015-05-21,935.0,25100,23389380.0
TQBR,2015-05-22,928.0,27601,25611271.0
TQBR,2015-05-25,928.0,14561,13448636.0
TQBR,2015-05-26,923.0,20690,19129514.0
TQBR,2015-05-27,919.0,29120,26843931.0
TQBR,2015-05-28,950.0,26138,24738922.0
TQBR,2015-05-29,941.0,31993,30860684.0
TQBR,2015-06-01,950.0,16336,15615785.0
TQBR,2015-06-02,997.0,32356,31644077.0
TQBR,2015-06-03,980.0,43881,43525022.0
TQBR,2015-06-04,993.0,28282,27824274.0
TQBR,2015-06-05,976.0,44361,43511815.0
TQBR,2015-06-08,977.0,20654,20353499.0
TQBR,2015-06-09,965.0,25460,24458664.0
TQBR,2015-06-10,950.0,32914,31367708.0
TQBR,2015-06-11,950.0,35944,33912591.0
TQBR,2015-06-15,946.0,23830,22778880.0
TQBR,2015-06-16,927.0,26004,24239560.0
TQBR,2015-06-17,930.0,13611,12657519.0
TQBR,2015-06-18,906.0,41408,37768816.0
TQBR,2015-06-19,910.0,16535,15058181.0
TQBR,2015-06-22,881.0,89054,79349460.0
TQBR,2015-06-23,871.0,44558,39098324.0
TQBR,2015-06-24,871.0,25909,22519587.0
TQBR,2015-06-25,866.0,25123,21917045.0
TQBR,2015-06-26,855.0,52782,45638043.0
TQBR,2015-06-29,842.0,32921,28003071.0
TQBR,2015-06-30,848.0,58506,49122292.0
TQBR,2015-07-01,853.0,24063,20501854.0
TQBR,2015-07-02,853.0,24700,20895335.0
TQBR,2015-07-03,857.0,13915,11842167.0
TQBR,2015-07-06,860.0,36238,31019112.0
TQBR,2015-07-07,820.0,128528,107286631.0
TQBR,2015-07-08,845.0,69615,58395867.0
TQBR,2015-07-09,855.0,40753,34724761.0
TQBR,2015-07-10,845.0,29611,25191132.0
TQBR,2015-07-13,857.0,27807,23555447.0
TQBR,2015-07-14,880.0,46773,40609808.0
TQBR,2015-07-15,875.0,23962,20979242.0
TQBR,2015-07-16,873.0,21227,18527805.0
TQBR,2015-07-17,900.0,39649,35436680.0
TQBR,2015-07-20,891.0,29295,26244447.0
TQBR,2015-07-21,889.0,25412,22470976.0
TQBR,2015-07-22,865.0,22417,19530279.0
TQBR,2015-07-23,879.0,21943,19011822.0
TQBR,2015-07-24,867.0,28701,25115849.0
TQBR,2015-07-27,860.0,21662,18616715.0
TQBR,2015-07-28,883.0,40624,35821118.0
TQBR,2015-07-29,903.0,25671,23116975.0
TQBR,2015-07-30,898.0,99490,90098237.0
TQBR,2015-07-31,882.0,96600,84208545.0
TQBR,2015-08-03,866.0,45982,39541487.0
TQBR,2015-08-04,869.0,23533,20470258.0
TQBR,2015-08-05,878.0,21998,19276623.0
TQBR,2015-08-06,850.0,75981,64985548.0
TQBR,2015-08-07,860.0,28458,24481449.0
TQBR,2015-08-10,858.0,23258,20021228.0
TQBR,2015-08-11,851.0,52602,45188980.0
TQBR,2015-08-12,830.0,101531,85518732.0
TQBR,2015-08-13,839.0,95839,80760613.0
TQBR,2015-08-14,831.0,64741,53877687.0
TQBR,2015-08-17,835.0,64859,54133757.0
TQBR,2015-08-18,819.0,43912,36132253.0
TQBR,2015-08-19,799.0,125770,100895934.0
TQBR,2015-08-20,780.0,76956,60785080.0
TQBR,2015-08-21,770.0,60797,47148730.0
TQBR,2015-08-24,738.0,163995,120857755.0
TQBR,2015-08-25,764.0,111491,83479323.0
TQBR,2015-08-26,742.0,103780,77782797.0
TQBR,2015-08-27,776.0,121225,92796804.0
TQBR,2015-08-28,800.0,99472,79108210.0
TQBR,2015-08-31,805.0,78096,62790232.0
TQBR,2015-09-01,782.0,96381,75676527.0
TQBR,2015-09-02,780.0,58513,45791313.0
TQBR,2015-09-03,795.0,55513,44134329.0
TQBR,2015-09-04,790.0,69142,54706854.0
TQBR,2015-09-07,786.0,39642,31301204.0
TQBR,2015-09-08,786.0,39570,31365724.0
TQBR,2015-09-09,787.0,89630,70933426.0
TQBR,2015-09-10,773.0,104104,81455388.0
TQBR,2015-09-11,760.0,81910,62674620.0
TQBR,2015-09-14,809.0,347085,274295925.0
TQBR,2015-09-15,815.0,138531,112071389.0
TQBR,2015-09-16,862.0,156563,132751156.0
TQBR,2015-09-17,860.0,45814,39446743.0
TQBR,2015-09-18,841.0,68502,58143011.0
TQBR,2015-09-21,826.0,22676,18796548.0
TQBR,2015-09-22,775.0,106292,84137980.0
TQBR,2015-09-23,752.0,153537,117797205.0
TQBR,2015-09-24,714.0,152650,111858966.0
TQBR,2015-09-25,714.0,140554,101770082.0
TQBR,2015-09-28,694.0,92047,64432294.0
TQBR,2015-09-29,703.0,129448,90068422.0
TQBR,2015-09-30,713.0,110553,79470549.0
TQBR,2015-10-01,704.0,58288,41367564.0
TQBR,2015-10-02,730.0,81032,57905398.0
TQBR,2015-10-05,775.0,130635,99613074.0
TQBR,2015-10-06,769.0,103725,80652882.0
TQBR,2015-10-07,745.0,111838,85226573.0
TQBR,2015-10-08,736.0,62763,46499048.0
TQBR,2015-10-09,763.0,76620,57998728.0
TQBR,2015-10-12,743.0,63319,47417976.0
TQBR,2015-10-13,814.0,239794,188361525.0
TQBR,2015-10-14,818.0,151268,121723990.0
TQBR,2015-10-15,821.0,214592,180262932.0
TQBR,2015-10-16,813.0,78331,64645239.0
TQBR,2015-10-19,845.0,85526,71605000.0
TQBR,2015-10-20,834.0,52935,44591840.0
TQBR,2015-10-21,822.0,62432,51117201.0
TQBR,2015-10-22,836.0,49449,40881769.0
TQBR,2015-10-23,813.0,122032,98893019.0
TQBR,2015-10-26,838.0,91353,76079338.0
TQBR,2015-10-27,940.0,624018,563768882.0
TQBR,2015-10-28,1002.0,321318,314030835.0
TQBR,2015-10-29,1009.0,123641,123549072.0
TQBR,2015-10-30,1016.0,59156,59548249.0
TQBR,2015-11-02,1030.0,83386,85131114.6
TQBR,2015-11-03,1011.0,76620,78988412.5
TQBR,2015-11-05,980.0,66631,66430485.4
TQBR,2015-11-06,994.9,55334,54676716.1
TQBR,2015-11-09,1012.0,44129,44662814.2
TQBR,2015-11-10,1027.0,63241,64808089.1
TQBR,2015-11-11,1040.0,51775,53491480.9
TQBR,2015-11-12,1020.6,55771,57309636.0
TQBR,2015-11-13,1001.0,42234,42446122.5
TQBR,2015-11-16,1015.1,31869,32279216.1
TQBR,2015-11-17,1059.0,103890,108713633.1
TQBR,2015-11-18,1094.0,116318,124224287.2
TQBR,2015-11-19,1086.0,150586,163935544.6
TQBR,2015-11-20,1111.0,44906,49636034.5
TQBR,2015-11-23,1129.9,56337,63859186.1
TQBR,2015-11-24,1092.0,87960,96415951.2
TQBR,2015-11-25,1127.0,48845,54945457.5
TQBR,2015-11-26,1117.7,23568,26615012.3
TQBR,2015-11-27,1074.5,51467,56343639.1
TQBR,2015-11-30,1094.0,33276,36216629.4
TQBR,2015-12-01,1086.0,22606,24730053.6
TQBR,2015-12-02,1104.0,68237,73393787.3
TQBR,2015-12-03,1099.0,24364,26956983.2
TQBR,2015-12-04,1087.1,37266,40411723.9
TQBR,2015-12-07,1060.0,36564,38964155.3
TQBR,2015-12-08,1038.9,58910,60868474.6
TQBR,2015-12-09,1050.0,22044,23113302.3
TQBR,2015-12-10,1030.3,31961,33082243.6
TQBR,2015-12-11,1037.0,37769,39401735.6
TQBR,2015-12-14,984.4,57851,57848723.8
TQBR,2015-12-15,1055.0,81872,84790259.1
TQBR,2015-12-16,1067.0,28717,30697411.6
TQBR,2015-12-17,1084.9,42162,45985747.5
TQBR,2015-12-18,1075.1,29649,31921880.6
TQBR,2015-12-21,1095.1,28543,31123503.1
TQBR,2015-12-22,1090.1,28554,31484717.3
TQBR,2015-12-23,1125.1,44673,50058079.0
TQBR,2015-12-24,1129.1,29435,32942866.7
TQBR,2015-12-25,1110.0,19317,21506047.0
TQBR,2015-12-28,1119.5,25923,29017349.8
TQBR,2015-12-29,1138.0,27102,30835512.2
TQBR,2015-12-30,1147.0,25502,29215371.2
TQBR,2016-01-04,1064.1,55784,60627763.0
TQBR,2016-01-05,1133.9,42595,47054262.9
TQBR,2016-01-06,1112.0,38189,42517243.5
TQBR,2016-01-11,987.0,141641,145011758.4
TQBR,2016-01-12,999.0,109973,108911841.2
TQBR,2016-01-13,1006.0,50693,51462463.4
TQBR,2016-01-14,1009.0,72398,71615686.7
TQBR,2016-01-15,954.0,85969,83007784.8
TQBR,2016-01-18,963.0,46699,44736785.8
TQBR,2016-01-19,954.0,86381,84198384.9
TQBR,2016-01-20,912.5,98391,90924555.9
TQBR,2016-01-21,1020.0,146147,142463858.9
TQBR,2016-01-22,1020.0,96563,98223754.1
TQBR,2016-01-25,1002.1,64008,64856252.1
TQBR,2016-01-26,1012.0,59016,59287421.1
TQBR,2016-01-27,1049.9,89060,92726879.0
TQBR,2016-01-28,1017.4,84859,87823646.2
TQBR,2016-01-29,1007.0,58267,59284062.0
TQBR,2016-02-01,1013.0,39640,40261826.5
TQBR,2016-02-02,1012.0,50536,51931242.5
TQBR,2016-02-03,1012.5,39735,40210777.0
TQBR,2016-02-04,1054.0,122967,127184163.0
TQBR,2016-02-05,1023.0,46337,47693544.5
TQBR,2016-02-08,986.0,95061,94137098.0
TQBR,2016-02-09,992.0,82271,81593883.5
TQBR,2016-02-10,998.0,63650,63727426.5
TQBR,2016-02-11,1007.0,59547,59378791.5
TQBR,2016-02-12,989.0,50041,50348700.0
TQBR,2016-02-15,1008.0,37830,38126995.5
TQBR,2016-02-16,1072.0,174736,180956921.5
TQBR,2016-02-17,1044.0,127367,135733064.5
TQBR,2016-02-18,1014.0,114862,118291159.5
TQBR,2016-02-19,989.0,155183,154374194.0
TQBR,2016-02-20,988.0,14832,14707813.0
TQBR,2016-02-22,1002.5,47757,47810479.5
TQBR,2016-02-24,974.5,76231,74932163.5
TQBR,2016-02-25,982.0,70286,69137281.0
TQBR,2016-02-26,983.5,145778,144647440.0
TQBR,2016-02-29,978.0,67973,66899813.5
TQBR,2016-03-01,989.5,62397,61208588.5
TQBR,2016-03-02,1003.0,71342,71176620.0
TQBR,2016-03-03,1018.0,125197,128620180.0
TQBR,2016-03-04,999.0,115556,115978635.0
TQBR,2016-03-07,1020.0,81633,83653044.0
TQBR,2016-03-09,994.0,109964,109842225.0
TQBR,2016-03-10,978.5,95908,94709751.5
TQBR,2016-03-11,979.0,84480,82921136.5
TQBR,2016-03-14,1023.0,220667,223583222.0
TQBR,2016-03-15,1004.0,109439,111620160.0
TQBR,2016-03-16,1021.0,132707,134841829.5
TQBR,2016-03-17,1032.0,67243,69601196.5
TQBR,2016-03-18,1034.5,61476,63807519.0
TQBR,2016-03-21,1022.0,44912,46190551.5
TQBR,2016-03-22,1023.5,50907,51683526.0
TQBR,2016-03-23,1020.5,41697,42869682.5
TQBR,2016-03-24,1028.0,28409,29088402.5
TQBR,2016-03-25,1032.5,6445,6650922.0
TQBR,2016-03-28,1013.0,38499,39015617.0
TQBR,2016-03-29,1036.0,49125,50321741.5
TQBR,2016-03-30,1041.5,70012,73244693.5
TQBR,2016-03-31,1022.0,57981,59899243.5
TQBR,2016-04-01,1028.0,41564,42482474.5
TQBR,2016-04-04,1033.0,32692,33926002.5
TQBR,2016-04-05,1039.0,33833,34955617.5
TQBR,2016-04-06,1041.0,31361,32540105.5
TQBR,2016-04-07,1060.0,69169,72773187.5
TQBR,2016-04-08,1018.0,123002,127262635.5
TQBR,2016-04-11,1045.0,112451,116666024.5
TQBR,2016-04-12,1088.5,111892,119967651.5
TQBR,2016-04-13,1127.0,94438,105096304.5
TQBR,2016-04-14,1109.5,71959,79716450.0
TQBR,2016-04-15,1109.0,33596,37260671.0
TQBR,2016-04-18,1130.0,47984,53325566.0
TQBR,2016-04-19,1148.0,54309,62029551.0
TQBR,2016-04-20,1186.0,62000,72297671.5
TQBR,2016-04-21,1200.0,85214,101407577.0
TQBR,2016-04-22,1196.0,82140,98906638.0
TQBR,2016-04-25,1176.5,79699,95057589.0
TQBR,2016-04-26,1173.0,34421,40672480.5
TQBR,2016-04-27,1194.0,59542,70532830.5
TQBR,2016-04-28,1300.0,327259,411009634.5
TQBR,2016-04-29,1301.0,82429,106325710.0
TQBR,2016-05-04,1337.5,39847,52801746.0
TQBR,2016-05-05,1316.5,60698,79651170.0
TQBR,2016-05-06,1291.0,69623,90359582.5
TQBR,2016-05-10,1291.5,55376,70969962.5
TQBR,2016-05-11,1286.0,29919,38832612.0
TQBR,2016-05-12,1277.0,36641,47058296.5
TQBR,2016-05-13,1276.5,35654,45256574.5
TQBR,2016-05-16,1297.0,35943,46438092.5
TQBR,2016-05-17,1278.5,45377,58108053.0
TQBR,2016-05-18,1267.5,24537,31272146.0
TQBR,2016-05-19,1261.0,34258,43091311.0
TQBR,2016-05-20,1278.0,48660,61958550.5
TQBR,2016-05-23,1288.0,39669,51054682.0
TQBR,2016-05-24,1289.5,28406,36518927.0
TQBR,2016-05-25,1305.0,62664,81136000.5
TQBR,2016-05-26,1303.5,51473,67585895.5
TQBR,2016-05-27,1311.0,32577,42940959.0
TQBR,2016-05-30,1317.5,7512,9938485.0
TQBR,2016-05-31,1357.0,66821,89908339.0
TQBR,2016-06-01,1369.5,45287,61939704.5
TQBR,2016-06-02,1371.0,27014,37023335.0
TQBR,2016-06-03,1370.0,38564,52982756.0
TQBR,2016-06-06,1399.0,63212,88707514.0
TQBR,2016-06-07,1413.0,36754,51992952.5
TQBR,2016-06-08,1450.0,26614,38151709.0
TQBR,2016-06-09,1464.0,31928,46633779.0
TQBR,2016-06-10,1430.0,37549,54793942.5
TQBR,2016-06-14,1375.5,62611,87241501.0
TQBR,2016-06-15,1408.5,55396,77342645.5
TQBR,2016-06-16,1380.0,49886,68336450.0
TQBR,2016-06-17,1406.0,44249,61778577.0
TQBR,2016-06-20,1418.5,52708,75218775.5
TQBR,2016-06-21,1377.0,30701,42867205.5
TQBR,2016-06-22,1407.0,28283,39440616.5
TQBR,2016-06-23,1428.0,23256,33104015.5
TQBR,2016-06-24,1379.5,51711,71801253.0
TQBR,2016-06-27,1291.0,82886,111075072.0
TQBR,2016-06-28,1336.0,32564,43254764.0
TQBR,2016-06-29,1372.5,19361,26253505.0
TQBR,2016-06-30,1399.0,24258,33502217.0
TQBR,2016-07-01,1403.0,25892,36110491.5
TQBR,2016-07-04,1390.0,13185,18339900.5
TQBR,2016-07-05,1383.0,20290,27974841.0
TQBR,2016-07-06,1373.5,23956,32762242.5
TQBR,2016-07-07,1390.0,41954,58470577.0
TQBR,2016-07-08,1413.0,15692,22038666.5
TQBR,2016-07-11,1407.0,17593,25069447.0
TQBR,2016-07-12,1473.0,31278,45274845.5
TQBR,2016-07-13,1403.0,33035,47161604.5
TQBR,2016-07-14,1391.0,43031,60614651.0
TQBR,2016-07-15,1373.5,48896,67907097.5
TQBR,2016-07-18,1354.0,50312,68542057.0
TQBR,2016-07-19,1345.5,28147,38063842.0
TQBR,2016-07-20,1360.0,18096,24348236.5
TQBR,2016-07-21,1376.0,18811,25872538.5
TQBR,2016-07-22,1387.5,16493,22700530.0
TQBR,2016-07-25,1377.5,20457,28226916.0
TQBR,2016-07-26,1404.0,40460,56352709.0
TQBR,2016-07-27,1419.0,33913,47732719.5
TQBR,2016-07-28,1485.5,157314,234402259.0
TQBR,2016-07-29,1442.0,45706,67151502.0
TQBR,2016-08-01,1438.5,26802,38807772.0
TQBR,2016-08-02,1416.0,37551,53328884.0
TQBR,2016-08-03,1409.0,22141,31360313.0
TQBR,2016-08-04,1417.0,30524,42860361.5
TQBR,2016-08-05,1429.0,19140,27108303.0
TQBR,2016-08-08,1420.0,10165,14478682.5
TQBR,2016-08-09,1447.0,15415,22094070.0
TQBR,2016-08-10,1447.0,17010,24697469.5
TQBR,2016-08-11,1485.0,27183,39888136.5
TQBR,2016-08-12,1506.0,21162,31747281.0
TQBR,2016-08-15,1498.0,28247,42762025.5
TQBR,2016-08-16,1491.0,18163,27148324.0
TQBR,2016-08-17,1459.0,40022,58763382.5
TQBR,2016-08-18,1451.0,48051,69957824.0
TQBR,2016-08-19,1445.5,18219,26368665.0
TQBR,2016-08-22,1441.0,29111,41861587.0
TQBR,2016-08-23,1449.0,25140,36277346.0
TQBR,2016-08-24,1453.0,18354,26697124.5
TQBR,2016-08-25,1444.5,23227,33739619.5
TQBR,2016-08-26,1447.0,31614,45871923.5
TQBR,2016-08-29,1442.0,28693,41407681.0
TQBR,2016-08-30,1437.5,19520,28194980.0
TQBR,2016-08-31,1428.0,20219,28949561.0
TQBR,2016-09-01,1464.0,32846,47667328.0
TQBR,2016-09-02,1463.0,19268,28178621.0
TQBR,2016-09-05,1455.5,5391,7872412.0
TQBR,2016-09-06,1441.0,38416,56085458.0
TQBR,2016-09-07,1418.0,42668,60841421.0
TQBR,2016-09-08,1409.0,54985,78367273.5
TQBR,2016-09-09,1370.0,95698,131740790.5
TQBR,2016-09-12,1350.0,172415,230881010.0
TQBR,2016-09-13,1326.0,89319,118157474.5
TQBR,2016-09-14,1321.5,36058,47934121.5
TQBR,2016-09-15,1319.5,67920,90311775.0
TQBR,2016-09-16,1335.0,28865,38579668.5
TQBR,2016-09-19,1341.0,27941,37708938.0
TQBR,2016-09-20,1341.0,24801,33255024.5
TQBR,2016-09-21,1348.5,16237,21873817.5
TQBR,2016-09-22,1401.0,52357,72543073.5
TQBR,2016-09-23,1398.5,28981,40485155.0
TQBR,2016-09-26,1370.0,24176,33206806.0
TQBR,2016-09-27,1353.0,19375,26355995.0
TQBR,2016-09-28,1355.0,20131,27330796.0
TQBR,2016-09-29,1353.0,38708,52561307.0
TQBR,2016-09-30,1341.0,24120,32381023.5
TQBR,2016-10-03,1356.0,24546,32889558.5
TQBR,2016-10-04,1346.0,19351,26031929.5
TQBR,2016-10-05,1371.0,35997,48748698.0
TQBR,2016-10-06,1376.5,22804,31252721.0
TQBR,2016-10-07,1367.0,14441,19847791.5
TQBR,2016-10-10,1352.5,11316,15434403.0
TQBR,2016-10-11,1350.5,24277,32839947.5
TQBR,2016-10-12,1290.0,62073,81299149.0
TQBR,2016-10-13,1231.0,152326,190079970.5
TQBR,2016-10-14,1212.0,76972,93010085.0
TQBR,2016-10-17,1186.0,45866,54740276.0
TQBR,2016-10-18,1228.5,40471,49417202.5
TQBR,2016-10-19,1238.5,44582,55598885.0
TQBR,2016-10-20,1234.0,25030,30955372.0
TQBR,2016-10-21,1213.5,14982,18313927.5
TQBR,2016-10-24,1221.0,68786,85127478.5
TQBR,2016-10-25,1222.5,58180,72237487.5
TQBR,2016-10-26,1194.5,53193,64191658.0
TQBR,2016-10-27,1261.0,182573,228310617.0
TQBR,2016-10-28,1270.0,71501,90976414.0
TQBR,2016-10-31,1256.0,48748,61078313.5
TQBR,2016-11-01,1243.5,42155,52416578.5
TQBR,2016-11-02,1212.0,51835,63649590.0
TQBR,2016-11-03,1190.0,77147,92646080.0
TQBR,2016-11-07,1196.0,29781,35893834.5
TQBR,2016-11-08,1197.0,41939,49934829.5
TQBR,2016-11-09,1234.0,59396,71686001.0
TQBR,2016-11-10,1240.5,157425,201137485.0
TQBR,2016-11-11,1225.0,73265,90621901.5
TQBR,2016-11-14,1195.0,36589,44157627.5
TQBR,2016-11-15,1170.0,65832,77698527.0
TQBR,2016-11-16,1164.0,73581,86685298.5
TQBR,2016-11-17,1150.0,100946,116585056.5
TQBR,2016-11-18,1203.5,107262,126652479.5
TQBR,2016-11-21,1201.0,27076,32580941.5
TQBR,2016-11-22,1177.0,64462,76099507.0
TQBR,2016-11-23,1228.0,103126,125051374.0
TQBR,2016-11-24,1228.5,23227,28575933.0
TQBR,2016-11-25,1221.5,49149,60748405.0
TQBR,2016-11-28,1213.0,73341,89435324.5
TQBR,2016-11-29,1215.0,48646,58594677.5
TQBR,2016-11-30,1201.5,70116,84227233.5
TQBR,2016-12-01,1217.0,109372,133453516.5
TQBR,2016-12-02,1197.5,73609,88398117.0
TQBR,2016-12-05,1199.0,124376,148073853.5
TQBR,2016-12-06,1231.0,158043,192803296.5
TQBR,2016-12-07,1243.0,41363,51151537.0
TQBR,2016-12-08,1252.0,60765,75994594.0
TQBR,2016-12-09,1248.0,30463,38319070.5
TQBR,2016-12-12,1239.0,124603,154651282.5
TQBR,2016-12-13,1277.0,69767,88003171.5
TQBR,2016-12-14,1282.5,113976,144634744.5
TQBR,2016-12-15,1292.0,130042,167751430.0
TQBR,2016-12-16,1263.0,169724,215976547.0
TQBR,2016-12-19,1255.0,68159,85549266.0
TQBR,2016-12-20,1267.0,68428,85506102.5
TQBR,2016-12-21,1245.0,54285,68961703.5
TQBR,2016-12-22,1246.0,80931,100961059.0
TQBR,2016-12-23,1252.0,37694,46961219.0
TQBR,2016-12-26,1245.0,20730,25938267.0
TQBR,2016-12-27,1237.0,36756,45804708.0
TQBR,2016-12-28,1228.0,33174,41137095.0
TQBR,2016-12-29,1241.0,27620,34015754.5
TQBR,2016-12-30,1247.5,21350,26630746.0
TQBR,2017-01-03,1241.0,76614,95626368.5
TQBR,2017-01-04,1239.0,38728,48241993.5
TQBR,2017-01-05,1252.0,77016,95248794.5
TQBR,2017-01-06,1291.0,85164,108867000.0
TQBR,2017-01-09,1317.0,66910,87165293.5
TQBR,2017-01-10,1319.5,43883,57925070.0
TQBR,2017-01-11,1299.0,49886,64887782.0
TQBR,2017-01-12,1271.5,57400,73717403.0
TQBR,2017-01-13,1286.5,32527,41334612.0
TQBR,2017-01-16,1305.0,17621,22905741.0
TQBR,2017-01-17,1303.0,27699,35846677.0
TQBR,2017-01-18,1299.0,24144,31462761.0
TQBR,2017-01-19,1307.0,19013,24822940.5
TQBR,2017-01-20,1315.0,26353,34570297.0
TQBR,2017-01-23,1295.0,21659,28174878.5
TQBR,2017-01-24,1349.0,71015,94829392.0
TQBR,2017-01-25,1381.0,79953,109914570.0
TQBR,2017-01-26,1411.0,74959,105594647.5
TQBR,2017-01-27,1418.5,43891,61837201.0
TQBR,2017-01-30,1370.0,52000,71905757.0
TQBR,2017-01-31,1379.0,14882,20585079.5
TQBR,2017-02-01,1384.0,22789,31670103.5
TQBR,2017-02-02,1370.0,33089,45730940.0
TQBR,2017-02-03,1387.0,19432,27035307.5
TQBR,2017-02-06,1357.5,21119,28805373.0
TQBR,2017-02-07,1382.0,19341,26629476.5
TQBR,2017-02-08,1350.0,35970,48921414.5
TQBR,2017-02-09,1356.5,41988,56651710.5
TQBR,2017-02-10,1345.0,16669,22480376.5
TQBR,2017-02-13,1335.0,29261,39323305.5
TQBR,2017-02-14,1312.0,36209,47804081.5
TQBR,2017-02-15,1316.0,42532,55613792.5
TQBR,2017-02-16,1401.0,112650,153561754.5
TQBR,2017-02-17,1425.0,218189,306233750.0
TQBR,2017-02-20,1425.0,21970,31303908.0
TQBR,2017-02-21,1395.0,25664,36313119.0
TQBR,2017-02-22,1399.0,50108,69733145.5
TQBR,2017-02-24,1368.5,17277,23729324.5
TQBR,2017-02-27,1354.0,21493,29234073.0
TQBR,2017-02-28,1330.0,27553,36788980.5
TQBR,2017-03-01,1334.0,61899,82475915.0
TQBR,2017-03-02,1358.5,54697,74111744.0
TQBR,2017-03-03,1370.0,16787,22871767.0
TQBR,2017-03-06,1359.0,27380,37168688.0
TQBR,2017-03-07,1364.0,13439,18299844.0
TQBR,2017-03-09,1359.5,48524,66481720.0
TQBR,2017-03-10,1360.0,26524,35783462.0
TQBR,2017-03-13,1366.5,14819,20248324.5
TQBR,2017-03-14,1357.0,33875,46225002.5
TQBR,2017-03-15,1341.0,29476,39901133.0
TQBR,2017-03-16,1375.0,64823,87873279.0
TQBR,2017-03-17,1354.0,31069,42806089.0
TQBR,2017-03-20,1347.0,13925,18825916.5
TQBR,2017-03-21,1311.0,41760,55940491.0
TQBR,2017-03-22,1291.0,74287,95740210.0
TQBR,2017-03-23,1288.0,17787,23000734.5
TQBR,2017-03-24,1280.0,13202,16950018.5
TQBR,2017-03-27,1261.0,33038,41506091.5
TQBR,2017-03-28,1275.0,14867,18894376.5
TQBR,2017-03-29,1262.0,27076,34701977.5
TQBR,2017-03-30,1247.5,26400,33077307.0
TQBR,2017-03-31,1245.5,14507,18002062.5
TQBR,2017-04-03,1242.0,32441,40392929.0
TQBR,2017-04-04,1239.0,13511,16783826.0
TQBR,2017-04-05,1298.0,67084,85244580.5
TQBR,2017-04-06,1289.0,25717,33146247.0
TQBR,2017-04-07,1260.0,50278,63479060.5
TQBR,2017-04-10,1249.5,28178,34923401.0
TQBR,2017-04-11,1251.0,30577,38148139.0
TQBR,2017-04-12,1284.0,38610,49211886.0
TQBR,2017-04-13,1289.0,27588,35366522.0
TQBR,2017-04-14,1268.5,4672,5945872.0
TQBR,2017-04-17,1367.5,59222,78806862.0
TQBR,2017-04-18,1336.5,22274,29951088.0
TQBR,2017-04-19,1329.5,16519,22131578.5
TQBR,2017-04-20,1328.0,17368,22971395.5
TQBR,2017-04-21,1310.0,24706,32653564.0
TQBR,2017-04-24,1317.0,55296,72994603.5
TQBR,2017-04-25,1338.0,28152,37300037.5
TQBR,2017-04-26,1404.0,119834,165702940.5
TQBR,2017-04-27,1520.0,290446,429831027.0
TQBR,2017-04-28,1534.5,68139,105157642.0
TQBR,2017-05-02,1549.0,45680,71672976.5
TQBR,2017-05-03,1528.0,86267,132011752.0
TQBR,2017-05-04,1581.0,84099,131296954.5
TQBR,2017-05-05,1570.0,22265,34982283.5
TQBR,2017-05-10,1590.0,33096,52709665.5
TQBR,2017-05-11,1562.5,86567,139009609.0
TQBR,2017-05-12,1592.0,81394,128054417.0
TQBR,2017-05-15,1619.0,75039,121004591.0
TQBR,2017-05-16,1611.0,83374,133755041.0
TQBR,2017-05-17,1608.0,38229,61816310.0
TQBR,2017-05-18,1565.0,83971,132310856.0
TQBR,2017-05-19,1614.5,67478,107967592.5
TQBR,2017-05-22,1608.0,32791,52699482.0
TQBR,2017-05-23,1611.5,46015,74288825.0
TQBR,2017-05-24,1611.0,10624,17074349.5
TQBR,2017-05-25,1584.0,20112,32255397.0
TQBR,2017-05-26,1568.0,13513,21321588.5
TQBR,2017-05-29,1573.5,9795,15374609.0
TQBR,2017-05-30,1552.0,24153,37601207.5
TQBR,2017-05-31,1505.0,59351,90248007.0
TQBR,2017-06-01,1520.5,18969,28539751.0
TQBR,2017-06-02,1478.0,62833,94523100.0
TQBR,2017-06-05,1525.0,59949,90379903.5
TQBR,2017-06-06,1524.5,20730,31831885.5
TQBR,2017-06-07,1526.0,18247,27904776.0
TQBR,2017-06-08,1521.5,21783,33067430.0
TQBR,2017-06-09,1541.5,15331,23490484.0
TQBR,2017-06-13,1480.0,51706,76621800.0
TQBR,2017-06-14,1482.5,37914,56565602.0
TQBR,2017-06-15,1495.5,217036,315478549.0
TQBR,2017-06-16,1464.5,23282,34556583.5
TQBR,2017-06-19,1541.0,44234,67052058.0
TQBR,2017-06-20,1554.0,21169,32985861.5
TQBR,2017-06-21,1585.0,21339,33721383.0
TQBR,2017-06-22,1618.0,63536,102931384.0
TQBR,2017-06-23,1616.5,31002,49919683.5
TQBR,2017-06-26,1608.0,21154,34348246.5
TQBR,2017-06-27,1582.5,28432,45403823.5
TQBR,2017-06-28,1612.0,41610,66374061.0
TQBR,2017-06-29,1588.0,21636,35154054.0
TQBR,2017-06-30,1536.0,46980,73310838.5
TQBR,2017-07-03,1560.0,21669,33737380.0
TQBR,2017-07-04,1566.5,10409,16225046.5
TQBR,2017-07-05,1558.5,15095,23540897.0
TQBR,2017-07-06,1564.0,29909,46874110.5
TQBR,2017-07-07,1578.5,19820,31270094.0
TQBR,2017-07-10,1594.0,25902,41233600.5
TQBR,2017-07-11,1612.0,25724,41025321.0
TQBR,2017-07-12,1632.0,31792,51986927.0
TQBR,2017-07-13,1898.5,637803,1225703554.0
TQBR,2017-07-14,1867.0,91798,171864851.0
TQBR,2017-07-17,1866.0,60697,113512206.5
TQBR,2017-07-18,1867.0,65060,122288192.0
TQBR,2017-07-19,1849.0,69365,128996883.0
TQBR,2017-07-20,1845.0,30628,56406172.5
TQBR,2017-07-21,1856.0,28229,52405259.5
TQBR,2017-07-24,1916.0,46392,88066862.5
TQBR,2017-07-25,1906.0,36508,69526816.0
TQBR,2017-07-26,1899.5,21234,40432553.0
TQBR,2017-07-27,1888.5,29420,55892132.0
TQBR,2017-07-28,1754.5,176936,315576446.5
TQBR,2017-07-31,1743.0,27756,49061004.5
TQBR,2017-08-01,1746.5,36253,63659555.5
TQBR,2017-08-02,1719.0,38174,66196648.0
TQBR,2017-08-03,1744.0,40973,71168913.5
TQBR,2017-08-04,1770.5,42076,74292880.5
TQBR,2017-08-07,1795.5,52612,94499542.5
TQBR,2017-08-08,1792.5,40324,72422725.5
TQBR,2017-08-09,1835.5,218744,407059298.5
TQBR,2017-08-10,1786.0,73101,133318471.5
TQBR,2017-08-11,1731.5,55459,97141354.5
TQBR,2017-08-14,1765.5,36533,64658851.5
TQBR,2017-08-15,1798.0,21086,37805395.5
TQBR,2017-08-16,1818.0,28312,51503554.0
TQBR,2017-08-17,1832.0,28157,51734993.0
TQBR,2017-08-18,1785.0,59873,106914890.5
TQBR,2017-08-21,1769.0,39656,70084977.0
TQBR,2017-08-22,1756.0,31470,55520785.0
TQBR,2017-08-23,1765.0,28695,50620969.0
TQBR,2017-08-24,1768.0,39906,70831686.0
TQBR,2017-08-25,1757.0,86552,154014306.0
TQBR,2017-08-28,1725.5,89502,155909400.0
TQBR,2017-08-29,1743.0,32440,56177785.0
TQBR,2017-08-30,1728.5,51305,88998992.5
TQBR,2017-08-31,1752.0,51111,89722173.0
TQBR,2017-09-01,1820.0,113715,205239892.5
TQBR,2017-09-04,1833.0,20587,37640573.0
TQBR,2017-09-05,1863.0,88227,164572539.0
TQBR,2017-09-06,1843.0,50823,94412985.5
TQBR,2017-09-07,1820.0,34801,63479676.0
TQBR,2017-09-08,1865.5,57644,108075024.0
TQBR,2017-09-11,1867.0,78812,146432040.5
TQBR,2017-09-12,1903.5,63303,120652658.5
TQBR,2017-09-13,1876.0,91462,172705584.5
TQBR,2017-09-14,1858.0,78682,146419101.0
TQBR,2017-09-15,1895.0,62930,118672036.5
TQBR,2017-09-18,1893.5,34230,64518285.0
TQBR,2017-09-19,1872.5,56666,105681376.0
TQBR,2017-09-20,1872.0,28348,53131471.5
TQBR,2017-09-21,1872.0,68504,128698439.5
TQBR,2017-09-22,1922.0,71190,135427371.5
TQBR,2017-09-25,1853.0,169934,319818610.0
TQBR,2017-09-26,1848.0,78570,146129428.5
TQBR,2017-09-27,1867.0,45374,84639032.5
TQBR,2017-09-28,1856.5,69245,129496183.5
TQBR,2017-09-29,1873.0,32317,60376158.5
TQBR,2017-10-02,1906.5,79811,152669880.0
TQBR,2017-10-03,1961.0,80270,156084242.5
TQBR,2017-10-04,1942.5,44684,87956429.5
TQBR,2017-10-05,1925.0,54926,106463338.5
TQBR,2017-10-06,1893.0,61115,117225632.0
TQBR,2017-10-09,1920.0,35213,67084412.5
TQBR,2017-10-10,1840.0,135995,252992771.5
TQBR,2017-10-11,1855.5,63386,117189930.5
TQBR,2017-10-12,1863.0,45672,84729688.5
TQBR,2017-10-13,1858.0,73895,137323151.5
TQBR,2017-10-16,1832.0,57553,105985928.5
TQBR,2017-10-17,1833.0,45820,83786791.5
TQBR,2017-10-18,1852.0,52711,97020815.0
TQBR,2017-10-19,1839.5,49930,91669805.0
TQBR,2017-10-20,1796.0,60794,110048479.5
TQBR,2017-10-23,1799.0,44436,79774303.0
TQBR,2017-10-24,1889.0,355146,656929376.5
TQBR,2017-10-25,1855.0,55192,103337735.5
TQBR,2017-10-26,1896.0,85961,161222915.0
TQBR,2017-10-27,1921.0,105024,201756661.5
TQBR,2017-10-30,1898.0,47462,89755584.5
TQBR,2017-10-31,1950.0,113758,219245925.5
TQBR,2017-11-01,1991.5,103642,206088635.5
TQBR,2017-11-02,1932.0,90102,176252180.5
TQBR,2017-11-03,1965.0,46580,91222227.0
TQBR,2017-11-07,1950.5,62261,122669766.5
TQBR,2017-11-08,1935.5,58256,113315058.0
TQBR,2017-11-09,1890.0,70138,133802573.5
TQBR,2017-11-10,1856.5,57188,107774841.0
TQBR,2017-11-13,1860.0,62531,116027583.5
TQBR,2017-11-14,1890.0,92529,174392049.5
TQBR,2017-11-15,1873.0,30431,57111272.5
TQBR,2017-11-16,1925.5,43257,82010820.0
TQBR,2017-11-17,1949.5,53704,104262955.0
TQBR,2017-11-20,2002.5,61177,121175353.0
TQBR,2017-11-21,2038.0,84419,170884712.5
TQBR,2017-11-22,1975.0,66128,131870580.5
TQBR,2017-11-23,1987.5,23237,46229853.0
TQBR,2017-11-24,2025.0,119156,243350998.0
TQBR,2017-11-27,2017.0,61352,124929876.5
TQBR,2017-11-28,1991.5,63360,127048105.0
TQBR,2017-11-29,1957.0,86994,172371076.5
TQBR,2017-11-30,1940.5,30801,59509733.5
TQBR,2017-12-01,1931.5,28442,55076265.5
TQBR,2017-12-04,1907.0,58477,112401649.0
TQBR,2017-12-05,1899.0,57954,109419600.5
TQBR,2017-12-06,1900.0,49982,95450603.0
TQBR,2017-12-07,1949.5,84854,162903057.0
TQBR,2017-12-08,1957.0,33746,66148933.5
TQBR,2017-12-11,1997.5,51613,102090330.5
TQBR,2017-12-12,1954.0,33770,66610999.0
TQBR,2017-12-13,1938.0,54188,105664791.5
TQBR,2017-12-14,1919.0,50311,97261690.5
TQBR,2017-12-15,1895.0,64641,122602903.5
TQBR,2017-12-18,1892.0,36343,68944803.5
TQBR,2017-12-19,1902.0,33688,63629051.0
TQBR,2017-12-20,1873.5,122127,229347079.0
TQBR,2017-12-21,1884.0,50054,93639691.5
TQBR,2017-12-22,1832.0,59116,109191374.0
TQBR,2017-12-25,1847.0,18232,33677514.0
TQBR,2017-12-26,1840.0,63457,116976718.5
TQBR,2017-12-27,1865.0,25108,46651612.0
TQBR,2017-12-28,1883.5,27016,50576533.5
TQBR,2017-12-29,1894.0,20586,38827617.0
TQBR,2018-01-03,1943.5,33305,64319606.0
TQBR,2018-01-04,1978.0,38181,75098797.0
TQBR,2018-01-05,1942.5,23258,45204520.0
TQBR,2018-01-09,1963.0,42866,84346088.0
TQBR,2018-01-10,1972.0,44377,86842293.0
TQBR,2018-01-11,1963.0,40478,79753252.0
TQBR,2018-01-12,1955.0,17647,34543164.0
TQBR,2018-01-15,1970.0,14695,28941457.5
TQBR,2018-01-16,1992.5,118550,235385001.0
TQBR,2018-01-17,2035.0,45442,91658082.0
TQBR,2018-01-18,2099.0,84022,174424464.5
TQBR,2018-01-19,2098.5,48111,101508756.0
TQBR,2018-01-22,2118.5,38452,80950538.5
TQBR,2018-01-23,2145.0,59566,126756938.5
TQBR,2018-01-24,2138.0,19139,41021313.0
TQBR,2018-01-25,2134.0,44060,94066814.0
TQBR,2018-01-26,2176.0,47185,101759412.5
TQBR,2018-01-29,2197.5,29584,65079471.0
TQBR,2018-01-30,2150.0,136911,294990246.0
TQBR,2018-01-31,2179.0,29178,62959851.0
TQBR,2018-02-01,2202.0,67901,148905388.5
TQBR,2018-02-02,2150.0,50026,108776846.0
TQBR,2018-02-05,2150.0,40173,86221348.5
TQBR,2018-02-06,2054.5,114684,238486324.5
TQBR,2018-02-07,2140.5,48371,103452902.0
TQBR,2018-02-08,2159.0,60932,131753813.0
TQBR,2018-02-09,2086.5,80902,169005770.5
TQBR,2018-02-12,2127.0,47976,101610965.0
TQBR,2018-02-13,2135.0,70588,149953588.0
TQBR,2018-02-14,2200.0,95068,206971395.5
TQBR,2018-02-15,2283.5,382032,891024261.0
TQBR,2018-02-16,2371.5,134206,314517735.5
TQBR,2018-02-19,2416.5,47627,114387510.0
TQBR,2018-02-20,2413.0,54879,131794995.5
TQBR,2018-02-21,2473.5,86053,210845596.0
TQBR,2018-02-22,2435.5,73319,180555833.5
TQBR,2018-02-26,2383.0,81198,196242493.5
TQBR,2018-02-27,2386.0,68516,161178339.0
TQBR,2018-02-28,2343.5,35054,82529358.5
TQBR,2018-03-01,2310.0,49324,114305869.5
TQBR,2018-03-02,2280.5,90866,207419480.0
TQBR,2018-03-05,2347.5,46728,109806587.0
TQBR,2018-03-06,2389.5,72563,172027009.5
TQBR,2018-03-07,2427.5,78782,188703049.5
TQBR,2018-03-09,2469.0,45325,112523063.0
TQBR,2018-03-12,2450.0,57553,141720756.0
TQBR,2018-03-13,2415.0,67369,164307464.0
TQBR,2018-03-14,2430.5,44402,107304610.0
TQBR,2018-03-15,2446.0,81567,199279227.0
TQBR,2018-03-16,2436.0,25213,61395945.5
TQBR,2018-03-19,2426.0,28486,69144752.5
TQBR,2018-03-20,2463.0,37047,91000383.0
TQBR,2018-03-21,2497.5,33650,83186206.0
TQBR,2018-03-22,2385.0,68242,166000021.5
TQBR,2018-03-23,2385.5,60542,144903023.5
TQBR,2018-03-26,2344.0,81787,193538297.5
TQBR,2018-03-27,2364.0,39252,93148951.5
TQBR,2018-03-28,2265.0,94351,215215108.5
TQBR,2018-03-29,2314.0,82016,189123957.0
TQBR,2018-03-30,2287.0,30495,69701005.0
TQBR,2018-04-02,2253.0,48226,109352953.0
TQBR,2018-04-03,2263.0,51515,116642756.0
TQBR,2018-04-04,2249.5,69304,155028957.0
TQBR,2018-04-05,2315.0,56423,129752397.5
TQBR,2018-04-06,2312.0,36505,84112021.0
TQBR,2018-04-09,2124.0,192952,425480693.5
TQBR,2018-04-10,2169.0,169835,366285951.5
TQBR,2018-04-11,2240.0,118733,260606345.0
TQBR,2018-04-12,2161.5,306603,678446641.5
TQBR,2018-04-13,2083.5,258752,548235286.5
TQBR,2018-04-16,2020.5,191042,389221146.5
TQBR,2018-04-17,2103.5,128957,271691784.0
TQBR,2018-04-18,2142.0,228505,484442635.0
TQBR,2018-04-19,2096.5,250630,542388718.0
TQBR,2018-04-20,2084.5,79764,167784434.0
TQBR,2018-04-23,2140.5,150640,321131618.5
TQBR,2018-04-24,2105.5,170432,361764879.0
TQBR,2018-04-25,2025.0,481872,991713729.5
TQBR,2018-04-26,2061.0,179097,370235183.5
TQBR,2018-04-27,2015.5,290902,589908207.0
TQBR,2018-04-28,2030.0,35573,72268864.0
TQBR,2018-04-30,2097.5,111929,232125581.5
TQBR,2018-05-02,2215.0,260489,562509638.0
TQBR,2018-05-03,2128.0,141710,305813542.0
TQBR,2018-05-04,2107.0,79927,168645018.0
TQBR,2018-05-07,2152.5,92277,197526339.0
TQBR,2018-05-08,2127.5,77716,166627056.5
TQBR,2018-05-10,2190.0,125038,271982210.5
TQBR,2018-05-11,2201.0,115370,253002647.0
TQBR,2018-05-14,2186.0,99241,217139917.0
TQBR,2018-05-15,2118.5,115916,247548883.0
TQBR,2018-05-16,2114.0,90432,191946624.5
TQBR,2018-05-17,2131.0,57904,122877180.0
TQBR,2018-05-18,2119.5,53134,112444557.0
TQBR,2018-05-21,2142.0,111107,238273473.5
TQBR,2018-05-22,2122.5,45741,97117309.0
TQBR,2018-05-23,2086.5,86579,181543469.5
TQBR,2018-05-24,2094.0,113314,238612389.0
TQBR,2018-05-25,2089.0,66210,138115950.0
TQBR,2018-05-28,2102.5,31582,66172499.0
TQBR,2018-05-29,2079.0,98162,204537312.0
TQBR,2018-05-30,2072.0,99923,204975560.0
TQBR,2018-05-31,2076.5,73496,153304266.5
TQBR,2018-06-01,2137.0,136874,289397643.0
TQBR,2018-06-04,2163.5,93814,201639452.0
TQBR,2018-06-05,2213.0,184262,407303578.0
TQBR,2018-06-06,2214.0,67853,150712140.5
TQBR,2018-06-07,2175.0,82446,181112386.0
TQBR,2018-06-08,2144.0,104856,223904723.5
TQBR,2018-06-09,2159.0,11360,24531193.0
TQBR,2018-06-11,2192.5,74235,162260696.0
TQBR,2018-06-13,2290.5,230602,526415786.5
TQBR,2018-06-14,2292.0,104249,237132477.0
TQBR,2018-06-15,2268.0,68263,155948527.5
TQBR,2018-06-18,2287.0,99350,225037665.5
TQBR,2018-06-19,2295.0,99459,228498602.5
TQBR,2018-06-20,2301.5,79390,183381090.5
TQBR,2018-06-21,2270.5,73634,168270823.0
TQBR,2018-06-22,2220.0,98379,219376858.0
TQBR,2018-06-25,2177.0,132848,293759067.5
TQBR,2018-06-26,2185.0,102159,222720991.0
TQBR,2018-06-27,2227.5,100522,222155680.0
TQBR,2018-06-28,2193.5,78603,172180581.5
TQBR,2018-06-29,2244.0,101394,226660312.0
TQBR,2018-07-02,2257.5,68935,155275475.0
TQBR,2018-07-03,2240.5,56242,127778538.5
TQBR,2018-07-04,2236.0,20444,45705548.0
TQBR,2018-07-05,2226.0,75776,169246550.5
TQBR,2018-07-06,2315.0,97229,222470899.0
TQBR,2018-07-09,2316.5,67386,157021462.5
TQBR,2018-07-10,2302.5,63452,147876695.5
TQBR,2018-07-11,2303.0,64712,148002469.0
TQBR,2018-07-12,2345.0,54530,126231615.0
TQBR,2018-07-13,2390.0,95179,226781794.5
TQBR,2018-07-16,2333.0,64538,151605230.5
TQBR,2018-07-17,2420.0,85666,202301798.0
TQBR,2018-07-18,2398.5,90259,216058964.0
TQBR,2018-07-19,2364.5,94503,226412851.5
TQBR,2018-07-20,2329.5,94165,219166782.5
TQBR,2018-07-23,2333.0,50543,117719532.5
TQBR,2018-07-24,2377.0,76462,181920889.5
TQBR,2018-07-25,2391.5,80469,191016106.5
TQBR,2018-07-26,2430.0,365402,888089976.0
TQBR,2018-07-27,2388.0,111300,266311973.5
TQBR,2018-07-30,2242.5,221762,506482281.5
TQBR,2018-07-31,2250.0,140207,316420240.5
TQBR,2018-08-01,2272.0,145450,331561079.5
TQBR,2018-08-02,2237.0,91881,205552858.5
TQBR,2018-08-03,2252.5,77789,175785872.0
TQBR,2018-08-06,2230.5,63599,143356777.0
TQBR,2018-08-07,2272.5,103704,234358935.5
TQBR,2018-08-08,2185.0,189475,419667562.0
TQBR,2018-08-09,2132.0,249507,534411675.0
TQBR,2018-08-10,2128.0,168041,355165660.5
TQBR,2018-08-13,2152.5,96246,206775487.5
TQBR,2018-08-14,2150.0,237622,511658155.0
TQBR,2018-08-15,2091.0,195533,410372636.5
TQBR,2018-08-16,2123.5,75583,160071066.0
TQBR,2018-08-17,2099.0,87893,185418418.0
TQBR,2018-08-20,2133.5,71547,151947349.5
TQBR,2018-08-21,2164.0,62569,134254892.5
TQBR,2018-08-22,2137.0,76861,165391945.5
TQBR,2018-08-23,2120.0,110286,235834944.5
TQBR,2018-08-24,2115.0,68578,145241528.0
TQBR,2018-08-27,2151.0,61819,132400482.0
TQBR,2018-08-28,2153.5,83228,179928023.5
TQBR,2018-08-29,2168.5,35834,77475257.0
TQBR,2018-08-30,2142.0,71020,152856365.0
TQBR,2018-08-31,2150.0,89048,190689982.5
TQBR,2018-09-03,2179.5,24172,52551773.0
TQBR,2018-09-04,2168.0,76617,166521276.5
TQBR,2018-09-05,2125.0,122387,261957904.5
TQBR,2018-09-06,2105.5,109100,229969708.0
TQBR,2018-09-07,2098.5,142791,297632093.0
TQBR,2018-09-10,2111.5,47127,99511122.0
TQBR,2018-09-11,2094.5,58567,123018765.5
TQBR,2018-09-12,2066.5,104781,217080791.5
TQBR,2018-09-13,2132.0,156096,331456962.0
TQBR,2018-09-14,2187.0,98416,212795492.5
TQBR,2018-09-17,2148.0,82826,179914056.5
TQBR,2018-09-18,2144.5,116020,247308656.0
TQBR,2018-09-19,2145.0,96622,207247354.5
TQBR,2018-09-20,2174.5,197682,430556215.0
TQBR,2018-09-21,2204.0,100099,219734640.0
TQBR,2018-09-24,2193.5,94301,205450557.5
TQBR,2018-09-25,2213.0,59058,129827105.0
TQBR,2018-09-26,2216.0,69275,153432810.5
TQBR,2018-09-27,2185.0,116402,256672155.0
TQBR,2018-09-28,2160.5,89353,193412411.0
TQBR,2018-10-01,2134.0,80762,174563638.0
TQBR,2018-10-02,2136.5,132994,282788592.5
TQBR,2018-10-03,2172.5,84637,183004046.5
TQBR,2018-10-04,2157.5,217410,470927931.5
TQBR,2018-10-05,2143.0,140297,299670670.0
TQBR,2018-10-08,2170.5,153636,332705322.0
TQBR,2018-10-09,2220.0,135035,299435018.5
TQBR,2018-10-10,2146.0,139225,301568659.0
TQBR,2018-10-11,2118.0,192946,409479853.5
TQBR,2018-10-12,2140.0,74895,160832077.5
TQBR,2018-10-15,2178.0,81153,174270047.5
TQBR,2018-10-16,2307.0,225685,508523930.5
TQBR,2018-10-17,2310.0,109279,252296970.0
TQBR,2018-10-18,2235.0,386264,877351585.0
TQBR,2018-10-19,1790.0,3394213,6525803616.5
TQBR,2018-10-22,1755.0,3147286,5835205422.0
TQBR,2018-10-23,1760.0,1007555,1792443308.0
TQBR,2018-10-24,1781.0,591064,1058996057.5
TQBR,2018-10-25,1777.0,411197,721522421.5
TQBR,2018-10-26,1761.5,405340,711173610.5
TQBR,2018-10-29,1859.5,1334575,2496551941.5
TQBR,2018-10-30,1843.0,613437,1125761476.0
TQBR,2018-10-31,1916.5,1297928,2472974327.5
TQBR,2018-11-01,1999.0,866068,1707644584.0
TQBR,2018-11-02,1995.0,801450,1614009371.5
TQBR,2018-11-06,2002.0,295335,591539469.5
TQBR,2018-11-07,1995.0,238473,474741637.0
TQBR,2018-11-08,1982.0,283095,560621969.0
TQBR,2018-11-09,1921.5,298773,576495615.5
TQBR,2018-11-12,1886.0,342057,653133369.0
TQBR,2018-11-13,1903.5,269990,514975308.0
TQBR,2018-11-14,1940.0,253933,489340717.5
TQBR,2018-11-15,1920.0,179429,347573624.0
TQBR,2018-11-16,1916.0,164418,317054487.0
TQBR,2018-11-19,1924.5,136072,262761916.0
TQBR,2018-11-20,1902.0,232412,438352440.5
TQBR,2018-11-21,1909.0,214905,407648509.0
TQBR,2018-11-22,1921.0,63265,121494665.5
TQBR,2018-11-23,1898.5,182357,345870174.5
TQBR,2018-11-26,1920.0,310159,585304371.5
TQBR,2018-11-27,1945.0,136992,264520338.0
TQBR,2018-11-28,1945.5,235387,460428261.0
TQBR,2018-11-29,1967.5,233302,461506905.5
TQBR,2018-11-30,1965.0,119212,232855304.5
TQBR,2018-12-03,1989.0,409063,816198828.0
TQBR,2018-12-04,1957.5,107634,212453773.5
TQBR,2018-12-05,1955.0,79094,153953150.0
TQBR,2018-12-06,1914.0,328177,625272868.5
TQBR,2018-12-07,1912.5,132246,253876143.5
TQBR,2018-12-10,1903.0,101014,192711152.5
TQBR,2018-12-11,1869.5,179773,338527787.5
TQBR,2018-12-12,1871.5,323276,592754245.5
TQBR,2018-12-13,1888.0,143351,270326472.5
TQBR,2018-12-14,1860.5,123442,228422702.5
TQBR,2018-12-17,1869.0,94943,177101361.5
TQBR,2018-12-18,1856.0,163852,303458122.0
TQBR,2018-12-19,1894.0,148234,277270406.0
TQBR,2018-12-20,1864.0,235385,437132055.5
TQBR,2018-12-21,1860.5,123085,228850970.5
TQBR,2018-12-24,1840.5,211397,386599386.0
TQBR,2018-12-25,1828.0,117377,213209524.0
TQBR,2018-12-26,1832.0,237870,439826118.5
TQBR,2018-12-27,1880.0,220773,414889275.0
TQBR,2018-12-28,1916.0,175594,336009530.5
TQBR,2018-12-29,1930.0,47573,91724595.5
TQBR,2019-01-03,1859.5,148487,279689986.5
TQBR,2019-01-04,1916.0,187797,355657058.0
TQBR,2019-01-08,1926.5,114452,221664462.5
TQBR,2019-01-09,1960.0,133630,260607755.0
TQBR,2019-01-10,1985.0,142546,280846745.5
TQBR,2019-01-11,1983.0,101638,201856040.0
TQBR,2019-01-14,1992.5,107716,213221039.0
TQBR,2019-01-15,1999.5,190886,380519753.0
TQBR,2019-01-16,1980.0,179500,356762064.0
TQBR,2019-01-17,1993.5,154687,306446233.0
TQBR,2019-01-18,2044.5,277420,566206439.5
TQBR,2019-01-21,2044.5,48804,99824364.0
TQBR,2019-01-22,2051.0,138732,283846488.5
TQBR,2019-01-23,2060.0,190116,390946174.5
TQBR,2019-01-24,2083.0,217522,452167175.0
TQBR,2019-01-25,2152.0,278632,590472835.0
TQBR,2019-01-28,2167.0,305057,660470538.0
TQBR,2019-01-29,2152.0,156601,340435393.5
TQBR,2019-01-30,2157.0,131154,282189026.0
TQBR,2019-01-31,2212.0,264189,580108608.0
TQBR,2019-02-01,2197.2,169741,372501515.4
TQBR,2019-02-04,2212.0,83835,185023351.8
TQBR,2019-02-05,2250.8,222590,498334500.0
TQBR,2019-02-06,2244.0,130657,293053948.6
TQBR,2019-02-07,2192.2,139310,307039442.4
TQBR,2019-02-08,2163.4,132679,286706018.4
TQBR,2019-02-11,2196.0,166813,367886909.4
TQBR,2019-02-12,2230.0,177278,394123326.4
TQBR,2019-02-13,2258.0,385668,860880935.6
TQBR,2019-02-14,2264.0,336454,752770261.6
TQBR,2019-02-15,2200.2,1081955,2445353792.6
TQBR,2019-02-18,2161.0,683691,1468061382.0
TQBR,2019-02-19,2126.6,574622,1226699660.0
TQBR,2019-02-20,2166.2,281378,610182971.4
TQBR,2019-02-21,2115.0,222203,474589917.4
TQBR,2019-02-22,2133.0,252076,532620522.0
TQBR,2019-02-25,2214.6,393776,866108962.4
TQBR,2019-02-26,2169.6,136769,298852305.0
TQBR,2019-02-27,2163.0,158283,344295358.2
TQBR,2019-02-28,2208.0,171973,374645129.4
TQBR,2019-03-01,2247.4,329179,738627516.4
TQBR,2019-03-04,2303.6,204278,467715372.4
TQBR,2019-03-05,2340.2,178112,411241372.2
TQBR,2019-03-06,2362.0,238266,565907366.0
TQBR,2019-03-07,2329.2,132912,311782119.0
TQBR,2019-03-11,2346.4,94106,220807154.0
TQBR,2019-03-12,2355.0,79477,188032985.2
TQBR,2019-03-13,2345.0,90222,211894402.6
TQBR,2019-03-14,2303.4,89290,208093618.6
TQBR,2019-03-15,2352.8,85803,201058316.0
TQBR,2019-03-18,2306.0,252612,592783398.0
TQBR,2019-03-19,2318.8,70620,164365867.6
TQBR,2019-03-20,2301.4,97547,225732649.0
TQBR,2019-03-21,2274.0,464428,1072441449.6
TQBR,2019-03-22,2276.4,113230,259277972.6
TQBR,2019-03-25,2293.8,102835,234459671.4
TQBR,2019-03-26,2315.8,94399,218232978.0
TQBR,2019-03-27,2268.0,109702,251418174.4
TQBR,2019-03-28,2317.8,163395,374651514.6
TQBR,2019-03-29,2293.6,199349,460616805.0
TQBR,2019-04-01,2243.4,237119,535668116.8
TQBR,2019-04-02,2249.0,174857,390414459.0
TQBR,2019-04-03,2268.2,137553,312199856.6
TQBR,2019-04-04,2280.8,110798,252466475.8
TQBR,2019-04-05,2298.0,88179,201790223.6
TQBR,2019-04-08,2301.6,70154,161413484.2
TQBR,2019-04-09,2346.0,134803,312931599.2
TQBR,2019-04-10,2350.8,134037,312301287.0
TQBR,2019-04-11,2434.0,291645,702305832.0
TQBR,2019-04-12,2435.2,128247,313021415.8
TQBR,2019-04-15,2453.0,255882,633494527.0
TQBR,2019-04-16,2499.8,205802,513833785.4
TQBR,2019-04-17,2451.0,147924,366940296.0
TQBR,2019-04-18,2383.2,118360,285172237.2
TQBR,2019-04-19,2415.2,48505,116855117.0
TQBR,2019-04-22,2400.0,113236,273095737.6
TQBR,2019-04-23,2412.8,109222,262888780.2
TQBR,2019-04-24,2410.6,78745,189796995.0
TQBR,2019-04-25,2407.6,437305,1052494517.2
TQBR,2019-04-26,2389.0,132209,316116181.6
TQBR,2019-04-29,2406.0,106045,254271107.2
TQBR,2019-04-30,2391.0,45363,108557561.8
TQBR,2019-05-02,2413.0,228451,560821771.4
TQBR,2019-05-03,2414.0,176077,424818023.2
TQBR,2019-05-06,2407.0,195472,466135130.0
TQBR,2019-05-07,2388.6,89944,215327394.8
TQBR,2019-05-08,2379.0,139743,331516538.4
TQBR,2019-05-10,2340.0,107231,253120188.8
TQBR,2019-05-13,2286.6,136260,316732275.8
TQBR,2019-05-14,2299.0,111309,255728789.8
TQBR,2019-05-15,2312.0,191896,438283064.2
TQBR,2019-05-16,2392.0,188849,446441912.6
TQBR,2019-05-17,2425.0,157570,378385054.0
TQBR,2019-05-20,2407.8,122679,296926586.8
TQBR,2019-05-21,2392.4,128461,307499301.6
TQBR,2019-05-22,2424.8,137997,332437181.8
TQBR,2019-05-23,2365.0,111108,265531303.2
TQBR,2019-05-24,2383.4,90468,215579771.0
TQBR,2019-05-27,2404.6,35633,85637856.0
TQBR,2019-05-28,2280.2,653401,1507237888.2
TQBR,2019-05-29,2350.2,482295,1118930479.0
TQBR,2019-05-30,2379.6,131449,310799829.0
TQBR,2019-05-31,2336.6,120085,281769865.0
TQBR,2019-06-03,2319.0,202663,470789215.4
TQBR,2019-06-04,2341.0,253184,585389182.0
TQBR,2019-06-05,2361.0,166714,392043343.0
TQBR,2019-06-06,2389.0,136524,324311685.2
TQBR,2019-06-07,2418.6,196867,476162886.4
TQBR,2019-06-10,2435.0,136487,331246043.0
TQBR,2019-06-11,2494.8,298617,739741228.2
TQBR,2019-06-13,2492.0,159220,397441768.0
TQBR,2019-06-14,2465.0,103547,256542846.8
TQBR,2019-06-17,2455.8,142114,350558022.6
TQBR,2019-06-18,2480.2,93549,232126742.4
TQBR,2019-06-19,2470.2,83187,206981183.8
TQBR,2019-06-20,2492.8,430923,1080353581.8
TQBR,2019-06-21,2468.4,100197,247922019.2
TQBR,2019-06-24,2452.6,81125,200198351.0
TQBR,2019-06-25,2424.6,112543,274149821.2
TQBR,2019-06-26,2391.6,373854,898067745.2
TQBR,2019-06-27,2410.0,210511,504496706.8
TQBR,2019-06-28,2405.4,199955,483845795.0
TQBR,2019-07-01,2482.4,274397,675152627.6
TQBR,2019-07-02,2491.2,197217,490312575.8
TQBR,2019-07-03,2505.4,152267,382281970.6
TQBR,2019-07-04,2494.8,53001,131863356.2
TQBR,2019-07-05,2481.4,118935,295009748.6
TQBR,2019-07-08,2465.0,115601,286323220.0
TQBR,2019-07-09,2478.0,121874,300045080.6
TQBR,2019-07-10,2500.2,201316,504761566.8
TQBR,2019-07-11,2495.0,121575,304801771.2
TQBR,2019-07-12,2573.0,311453,794179993.4
TQBR,2019-07-15,2546.4,195675,499652427.6
TQBR,2019-07-16,2542.6,163969,417439277.6
TQBR,2019-07-17,2509.2,123801,313128424.6
TQBR,2019-07-18,2489.8,140177,349220825.4
TQBR,2019-07-19,2518.0,169480,428070490.2
TQBR,2019-07-22,2486.0,173900,432114559.4
TQBR,2019-07-23,2482.8,95831,239188090.2
TQBR,2019-07-24,2507.0,109924,274721644.4
TQBR,2019-07-25,2461.6,524551,1303752716.4
TQBR,2019-07-26,2520.0,1641208,4180621488.6
TQBR,2019-07-29,2441.0,1637686,3987781187.8
TQBR,2019-07-30,2480.4,1275155,3200147276.2
TQBR,2019-07-31,2490.0,401672,996425909.4
TQBR,2019-08-01,2550.6,412609,1045025532.4
TQBR,2019-08-02,2470.0,447656,1110096308.2
TQBR,2019-08-05,2369.6,538317,1290932152.8
TQBR,2019-08-06,2413.0,378898,915650591.8
TQBR,2019-08-07,2428.8,273785,661888191.6
TQBR,2019-08-08,2413.2,203905,492507586.0
TQBR,2019-08-09,2405.0,116411,281005180.2
TQBR,2019-08-12,2410.0,109632,264639920.2
TQBR,2019-08-13,2428.0,301867,727893979.2
TQBR,2019-08-14,2374.0,254862,610742580.6
TQBR,2019-08-15,2365.4,225714,535200789.2
TQBR,2019-08-16,2394.0,130462,311056334.0
TQBR,2019-08-19,2424.0,329128,800557679.6
TQBR,2019-08-20,2438.4,126157,307719170.0
TQBR,2019-08-21,2421.2,165215,401403055.8
TQBR,2019-08-22,2399.0,166178,399225625.4
TQBR,2019-08-23,2391.0,164050,394405944.4
TQBR,2019-08-26,2394.4,164348,393221029.4
TQBR,2019-08-27,2429.8,158316,383021843.6
TQBR,2019-08-28,2434.0,168444,407957123.0
TQBR,2019-08-29,2441.0,276564,671720716.8
TQBR,2019-08-30,2462.8,162217,398858349.8
TQBR,2019-09-02,2469.8,51494,127339815.2
TQBR,2019-09-03,2487.0,247856,613896596.8
TQBR,2019-09-04,2487.0,134789,335245577.0
TQBR,2019-09-05,2509.2,231841,579637500.2
TQBR,2019-09-06,2503.6,144718,363047655.4
TQBR,2019-09-09,2466.0,163373,405555197.6
TQBR,2019-09-10,2450.2,213756,524486465.8
TQBR,2019-09-11,2466.2,176921,436739316.0
TQBR,2019-09-12,2457.0,133680,329368859.0
TQBR,2019-09-13,2453.0,122068,298724229.2
TQBR,2019-09-16,2447.6,166791,406871195.4
TQBR,2019-09-17,2438.4,175816,429782914.2
TQBR,2019-09-18,2432.0,297196,725613287.8
TQBR,2019-09-19,2407.4,352686,851176191.6
TQBR,2019-09-20,2350.2,577584,1371514836.4
TQBR,2019-09-23,2342.2,442244,1030757752.6
TQBR,2019-09-24,2301.4,437281,1014125950.0
TQBR,2019-09-25,2322.4,283444,654251090.4
TQBR,2019-09-26,2319.6,255984,598692778.4
TQBR,2019-09-27,2315.8,138508,321687413.0
TQBR,2019-09-30,2263.4,372912,849567233.6
TQBR,2019-10-01,2287.0,309065,709132020.4
TQBR,2019-10-02,2250.0,254761,575827060.8
TQBR,2019-10-03,2265.0,345903,773112970.0
TQBR,2019-10-04,2274.4,236916,537927042.2
TQBR,2019-10-07,2284.2,141878,323926923.0
TQBR,2019-10-08,2295.2,164533,376012758.0
TQBR,2019-10-09,2312.0,156160,361533365.4
TQBR,2019-10-10,2327.0,226461,523236840.2
TQBR,2019-10-11,1898.0,5984353,11896489119.8
TQBR,2019-10-14,1975.6,3695198,7304728550.8
TQBR,2019-10-15,1986.6,1297444,2578004776.6
TQBR,2019-10-16,1957.2,1096214,2159416113.8
TQBR,2019-10-17,1927.0,912882,1759046362.4
TQBR,2019-10-18,1934.0,784016,1528000524.2
TQBR,2019-10-21,2061.0,4624847,9609488972.8
TQBR,2019-10-22,2054.6,1282197,2665074738.0
TQBR,2019-10-23,2046.6,645769,1325983857.0
TQBR,2019-10-24,2090.2,1160874,2409791011.0
TQBR,2019-10-25,2064.0,2281301,4790570314.6
TQBR,2019-10-28,2118.4,1299592,2731454152.6
TQBR,2019-10-29,2134.4,901455,1920307252.2
TQBR,2019-10-30,2156.0,617236,1328156309.2
TQBR,2019-10-31,2125.8,689192,1477742262.8
TQBR,2019-11-01,2138.0,354492,757199220.8
TQBR,2019-11-05,2171.4,601804,1302468997.0
TQBR,2019-11-06,2191.0,518024,1133736081.6
TQBR,2019-11-07,2187.8,413649,905295005.8
TQBR,2019-11-08,2184.8,594011,1284237229.0
TQBR,2019-11-11,2179.6,357052,777604083.2
TQBR,2019-11-12,2184.0,345968,754771903.8
TQBR,2019-11-13,2173.8,287619,625413277.6
TQBR,2019-11-14,2186.4,326460,712811177.0
TQBR,2019-11-15,2267.0,1043115,2322915416.2
TQBR,2019-11-18,2525.2,4299962,10527121094.6
TQBR,2019-11-19,2510.0,1532269,3841685222.4
TQBR,2019-11-20,2514.4,679264,1692337894.0
TQBR,2019-11-21,2549.0,757387,1923435849.8
TQBR,2019-11-22,2566.2,462448,1181902897.2
TQBR,2019-11-25,2629.0,438635,1137667974.2
TQBR,2019-11-26,2635.8,489145,1286289649.0
TQBR,2019-11-27,2668.0,485951,1294958166.6
TQBR,2019-11-28,2624.6,524581,1377699399.8
TQBR,2019-11-29,2693.0,626398,1663705321.0
TQBR,2019-12-02,2620.6,975004,2621218542.4
TQBR,2019-12-03,2599.0,578816,1515771456.0
TQBR,2019-12-04,2607.4,318633,832904281.4
TQBR,2019-12-05,2568.4,361210,928571857.6
TQBR,2019-12-06,2570.4,279789,718989381.0
TQBR,2019-12-09,2584.0,271020,700084757.6
TQBR,2019-12-10,2588.0,269996,692238276.2
TQBR,2019-12-11,2595.0,209314,541574833.0
TQBR,2019-12-12,2628.0,294220,772282977.0
TQBR,2019-12-13,2662.8,357034,938051355.6
TQBR,2019-12-16,2690.0,569932,1535833692.4
TQBR,2019-12-17,2660.0,291791,778833581.8
TQBR,2019-12-18,2625.0,352397,928109588.2
TQBR,2019-12-19,2623.2,514688,1357212822.2
TQBR,2019-12-20,2680.0,486341,1299544596.8
TQBR,2019-12-23,2699.8,281956,759224132.2
TQBR,2019-12-24,2688.0,158499,427137720.2
TQBR,2019-12-25,2687.0,57922,155235962.8
TQBR,2019-12-26,2713.0,176612,477478210.6
TQBR,2019-12-27,2736.0,289417,791803631.0
TQBR,2019-12-30,2697.0,248658,672872511.4
TQBR,2020-01-03,2685.0,263537,710629401.2
TQBR,2020-01-06,2672.0,226724,604637551.8
TQBR,2020-01-08,2677.0,252558,675482269.2
TQBR,2020-01-09,2728.4,306801,832957090.0
TQBR,2020-01-10,2725.0,308145,841278630.4
TQBR,2020-01-13,2703.4,331165,898479200.8
TQBR,2020-01-14,2685.0,468539,1271806891.4
TQBR,2020-01-15,2690.0,416206,1117757797.2
TQBR,2020-01-16,2719.8,1471243,4069493148.0
TQBR,2020-01-17,2772.8,669449,1843011170.6
TQBR,2020-01-20,2800.0,339683,952733215.0
TQBR,2020-01-21,2770.0,350435,973285480.0
TQBR,2020-01-22,2790.0,757936,2088120431.2
TQBR,2020-01-23,2820.2,482676,1348641693.2
TQBR,2020-01-24,2798.0,367077,1025627221.8
TQBR,2020-01-27,2780.0,482636,1335372999.0
TQBR,2020-01-28,2799.8,357683,999335986.8
TQBR,2020-01-29,2890.0,683094,1948963842.2
TQBR,2020-01-30,2888.0,344250,993882258.6
TQBR,2020-01-31,2873.4,297476,859739886.2
TQBR,2020-02-03,2880.6,271864,784728841.6
TQBR,2020-02-04,2990.0,471235,1395286200.2
TQBR,2020-02-05,3008.2,695949,2114721367.0
TQBR,2020-02-06,3048.2,390042,1188992623.4
TQBR,2020-02-07,3103.8,482075,1483577519.2
TQBR,2020-02-10,3087.2,426521,1324632416.8
TQBR,2020-02-11,3085.0,340417,1054521740.0
TQBR,2020-02-12,3037.2,551284,1686363486.8
TQBR,2020-02-13,3087.4,516501,1584589457.0
TQBR,2020-02-14,3011.0,1996834,6018537560.2
TQBR,2020-02-17,2983.6,498766,1479739877.2
TQBR,2020-02-18,2937.0,591328,1742895923.4
TQBR,2020-02-19,2953.0,730102,2153633226.2
TQBR,2020-02-20,2988.4,739275,2196984076.2
TQBR,2020-02-21,2911.8,646552,1907647738.2
TQBR,2020-02-25,2681.8,2316706,6427805290.4
TQBR,2020-02-26,2690.8,2321091,6128540003.2
TQBR,2020-02-27,2678.2,1666401,4463510985.8
TQBR,2020-02-28,2659.8,1467113,3822943335.4
TQBR,2020-03-02,2721.4,1292874,3497220433.4
TQBR,2020-03-03,2723.0,972855,2666625229.6
TQBR,2020-03-04,2654.2,698834,1867503206.4
TQBR,2020-03-05,2728.2,911088,2457725502.2
TQBR,2020-03-06,2685.0,1007226,2657640455.2
TQBR,2020-03-10,2590.0,1513950,4016704700.4
TQBR,2020-03-11,2615.0,913216,2361308179.2
TQBR,2020-03-12,2460.0,1547961,3822174430.0
TQBR,2020-03-13,2470.0,1221529,3072326766.6
TQBR,2020-03-16,2370.0,1291268,3013389537.2
TQBR,2020-03-17,2425.0,1079881,2535378385.6
TQBR,2020-03-18,2318.8,1289880,3000301291.6
TQBR,2020-03-19,2434.0,1510071,3543744879.6
TQBR,2020-03-20,2455.2,1336561,3337061482.8
TQBR,2020-03-23,2299.8,1234866,2929937069.6
TQBR,2020-03-24,2459.0,1075475,2607539793.6
TQBR,2020-03-25,2555.8,1346702,3421748955.8
TQBR,2020-03-26,2610.0,1170937,3020356883.6
TQBR,2020-03-27,2597.0,800030,2081740718.6
TQBR,2020-03-30,2670.2,660170,1741342480.4
TQBR,2020-03-31,2714.4,815976,2205845081.4
TQBR,2020-04-01,2605.8,763626,2011940378.6
TQBR,2020-04-02,2550.8,1105528,2845481762.8
TQBR,2020-04-03,2520.0,917226,2335929077.4
TQBR,2020-04-06,2582.0,788118,2029939137.2
TQBR,2020-04-07,2668.0,912075,2417532263.0
TQBR,2020-04-08,2742.6,758477,2022273555.2
TQBR,2020-04-09,2697.2,1047151,2827644692.8
TQBR,2020-04-10,2701.0,263041,707293088.6
TQBR,2020-04-13,2659.0,350747,930712871.8
TQBR,2020-04-14,2755.6,910209,2485799036.2
TQBR,2020-04-15,2588.2,777641,2053801680.8
TQBR,2020-04-16,2637.8,709630,1863514181.8
TQBR,2020-04-17,2630.4,462419,1224131250.0
TQBR,2020-04-20,2736.4,867166,2340575264.2
TQBR,2020-04-21,2659.2,1020212,2707045917.4
TQBR,2020-04-22,2655.0,786098,2096704613.4
TQBR,2020-04-23,2640.6,506952,1342558601.6
TQBR,2020-04-24,2621.0,404824,1063497407.8
TQBR,2020-04-27,2715.0,793139,2125656370.8
TQBR,2020-04-28,2754.8,1304030,3622829180.8
TQBR,2020-04-29,2870.0,779540,2205518868.4
TQBR,2020-04-30,2850.8,746737,2139358999.0
TQBR,2020-05-04,2828.8,415030,1166411573.6
TQBR,2020-05-05,2842.2,353407,1007709703.6
TQBR,2020-05-06,2864.0,376937,1075984612.0
TQBR,2020-05-07,2910.2,430103,1241369304.2
TQBR,2020-05-08,2975.2,473580,1404249646.0
TQBR,2020-05-12,2977.0,282520,835505398.4
TQBR,2020-05-13,2893.4,511932,1492724756.0
TQBR,2020-05-14,2821.8,559421,1585360736.4
TQBR,2020-05-15,2839.6,519556,1481616150.2
TQBR,2020-05-18,2945.0,481338,1404438119.0
TQBR,2020-05-19,2970.0,341141,1006890578.0
TQBR,2020-05-20,2964.6,511103,1522005574.4
TQBR,2020-05-21,2910.8,504666,1479102166.0
TQBR,2020-05-22,2905.0,337096,980472381.6
TQBR,2020-05-25,2960.6,259047,762324356.2
TQBR,2020-05-26,2913.2,554429,1637132779.0
TQBR,2020-05-27,2826.0,688788,1983259154.6
TQBR,2020-05-28,2888.0,623729,1800337196.4
TQBR,2020-05-29,2833.2,530841,1509123115.4
TQBR,2020-06-01,2846.0,636311,1807444108.8
TQBR,2020-06-02,2837.8,697387,1984684005.8
TQBR,2020-06-03,2867.6,667359,1906430788.6
TQBR,2020-06-04,2861.6,458687,1313061405.6
TQBR,2020-06-05,2884.0,425169,1222768235.2
TQBR,2020-06-08,2873.2,364302,1054726464.4
TQBR,2020-06-09,2902.0,336667,970374143.8
TQBR,2020-06-10,2881.2,353145,1021970897.6
TQBR,2020-06-11,2850.0,477778,1359168546.8
TQBR,2020-06-15,2967.4,799897,2328608711.6
TQBR,2020-06-16,3009.0,918979,2763644461.8
TQBR,2020-06-17,3068.2,606921,1852988142.2
TQBR,2020-06-18,3108.0,741344,2277647858.8
TQBR,2020-06-19,3155.0,700753,2208209346.4
TQBR,2020-06-22,3254.2,760655,2435025324.6
TQBR,2020-06-23,3358.6,1724050,5728725699.0
TQBR,2020-06-25,3499.0,1294164,4463727469.0
TQBR,2020-06-26,3430.0,611209,2118443296.4
TQBR,2020-06-29,3467.0,560922,1920744557.6
TQBR,2020-06-30,3545.6,632234,2200092557.6
TQBR,2020-07-02,3548.6,439277,1560910612.6
TQBR,2020-07-03,3549.6,274349,973238752.8
TQBR,2020-07-06,3639.0,612441,2232002203.0
TQBR,2020-07-07,3598.8,612278,2213073489.6
TQBR,2020-07-08,3581.8,572037,2052505457.6
TQBR,2020-07-09,3637.8,495768,1789359740.6
TQBR,2020-07-10,3633.0,502621,1831480541.2
TQBR,2020-07-13,3678.0,463290,1703567496.2
TQBR,2020-07-14,3772.0,733774,2682270352.4
TQBR,2020-07-15,3882.8,818255,3139359369.2
TQBR,2020-07-16,3824.0,502440,1927349450.8
TQBR,2020-07-17,3950.0,638346,2495725115.4
TQBR,2020-07-20,4029.0,587623,2326200287.4
TQBR,2020-07-21,3964.0,1031334,4169380590.8
TQBR,2020-07-22,4010.0,704547,2797343079.8
TQBR,2020-07-23,4002.8,577281,2319989398.2
TQBR,2020-07-24,4017.2,489641,1956989896.2
TQBR,2020-07-27,4123.0,534471,2179411364.0
TQBR,2020-07-28,4114.4,1297648,5292024008.8
TQBR,2020-07-29,4187.8,544793,2271949022.8
TQBR,2020-07-30,4191.0,548725,2275794338.2
TQBR,2020-07-31,4257.0,810848,3422788785.4
TQBR,2020-08-03,4288.6,546607,2348209067.2
TQBR,2020-08-04,4312.0,343978,1482967333.0
TQBR,2020-08-05,4340.2,508679,2205020877.8
TQBR,2020-08-06,4413.8,431272,1890057845.2
TQBR,2020-08-07,4360.0,565762,2485754108.6
TQBR,2020-08-10,4205.0,846701,3613608497.2
TQBR,2020-08-11,4185.8,1318614,5590493998.2
TQBR,2020-08-12,4288.8,1221420,5206608560.4
TQBR,2020-08-13,4366.0,3736375,16661870108.6
TQBR,2020-08-14,4389.6,2195788,9689458279.2
TQBR,2020-08-17,4500.0,2533222,11367304985.8
TQBR,2020-08-18,4503.0,1978565,8908341962.0
TQBR,2020-08-19,4620.0,1961791,8955150291.0
TQBR,2020-08-20,4700.0,2994516,13994978309.8
TQBR,2020-08-21,4772.0,2526075,12067881492.0
TQBR,2020-08-24,4913.4,2314473,11162543289.2
TQBR,2020-08-25,5055.0,2619632,13004362423.4
TQBR,2020-08-26,4973.6,3776836,18929695913.0
TQBR,2020-08-27,4842.8,2606600,12787807399.6
TQBR,2020-08-28,4845.0,2432083,11800110056.6
TQBR,2020-08-31,5089.4,22765694,116391184142.6
TQBR,2020-09-01,5033.0,3626441,18423656591.0
TQBR,2020-09-02,5070.0,2464483,12409653214.8
TQBR,2020-09-03,4917.8,2588571,12903085331.8
TQBR,2020-09-04,4885.0,2802034,13691512417.0
TQBR,2020-09-07,4975.0,1265262,6213642695.0
TQBR,2020-09-08,4670.2,3248592,15642564923.2
TQBR,2020-09-09,4743.4,1690403,7953995668.2
TQBR,2020-09-10,4597.8,1790522,8361955914.4
TQBR,2020-09-11,4662.0,1497601,6954274616.6
TQBR,2020-09-14,4730.0,1132684,5337359103.4
TQBR,2020-09-15,4685.8,1759953,8344070019.2
TQBR,2020-09-16,4637.0,901204,4194996954.6
TQBR,2020-09-17,4595.0,1640159,7460074667.0
TQBR,2020-09-18,4628.0,1016207,4674724400.4
TQBR,2020-09-21,4527.8,1003620,4547320863.6
TQBR,2020-09-22,4900.0,3099250,14477851334.8
TQBR,2020-09-23,5008.6,13061601,68430664480.6
TQBR,2020-09-24,4775.0,2952871,14415410288.0
TQBR,2020-09-25,4934.0,1843772,8914472774.8
TQBR,2020-09-28,5080.0,1759539,8892190477.8
TQBR,2020-09-29,5095.0,1483591,7497736162.8
TQBR,2020-09-30,5062.0,704854,3568363774.0
TQBR,2020-10-01,4928.8,1210075,6063040492.4
TQBR,2020-10-02,4907.0,1198526,5892209059.8
TQBR,2020-10-05,4980.0,816998,4034259263.8
TQBR,2020-10-06,4869.0,1010113,4994787135.6
TQBR,2020-10-07,4779.4,981494,4723599832.2
TQBR,2020-10-08,4714.6,905134,4299701272.0
TQBR,2020-10-09,4683.0,1094137,5128772802.4
TQBR,2020-10-12,4759.8,966086,4591643243.6
TQBR,2020-10-13,4838.8,1225081,5892058127.2
TQBR,2020-10-14,4772.0,869085,4197003483.8
TQBR,2020-10-15,4754.4,1013956,4796237582.8
TQBR,2020-10-16,4530.0,2240185,10368259361.8
TQBR,2020-10-19,4457.0,1426469,6438361040.8
TQBR,2020-10-20,4340.0,1494288,6602846338.4
TQBR,2020-10-21,4410.2,1858260,8104296525.0
TQBR,2020-10-22,4455.0,1490905,6620270605.0
TQBR,2020-10-23,4523.2,766444,3431184051.6
TQBR,2020-10-26,4504.0,624260,2798071118.0
TQBR,2020-10-27,4600.8,902131,4102303704.4
TQBR,2020-10-28,4586.0,1388665,6323568977.8
TQBR,2020-10-29,4637.2,995354,4594748006.6
TQBR,2020-10-30,4561.0,652276,2968716023.8
TQBR,2020-11-02,4589.2,844103,3894683822.0
TQBR,2020-11-03,4591.0,859047,3936619470.6
TQBR,2020-11-05,4854.8,1498229,7172170336.6
TQBR,2020-11-06,4927.0,1024455,4970657456.4
TQBR,2020-11-09,4985.4,1832408,9166527038.4
TQBR,2020-11-10,4696.0,1651647,7977459461.6
TQBR,2020-11-11,4724.8,1632429,7723386289.0
TQBR,2020-11-12,4718.8,596130,2827835235.4
TQBR,2020-11-13,4799.0,382387,1823739054.2
TQBR,2020-11-16,4735.2,691520,3293492960.8
TQBR,2020-11-17,4680.0,464650,2182090795.6
TQBR,2020-11-18,4691.2,504344,2369397839.0
TQBR,2020-11-19,4742.6,353099,1663465516.0
TQBR,2020-11-20,4745.6,335373,1596072035.6
TQBR,2020-11-23,4687.6,612109,2895878726.6
TQBR,2020-11-24,4935.8,1518449,7375754004.2
TQBR,2020-11-25,4946.0,837651,4112439302.4
TQBR,2020-11-26,4985.2,621382,3089742110.2
TQBR,2020-11-27,5115.0,989012,5016139878.0
TQBR,2020-11-30,5278.0,3552414,18829870702.8
TQBR,2020-12-01,5310.4,1217771,6477510740.8
TQBR,2020-12-02,5193.6,785412,4117361544.2
TQBR,2020-12-03,5166.0,524409,2717230705.0
TQBR,2020-12-04,5065.2,821852,4200138175.6
TQBR,2020-12-07,5002.2,733274,3686415158.8
TQBR,2020-12-08,5066.4,777145,3899465526.0
TQBR,2020-12-09,5094.0,970456,4980323887.2
TQBR,2020-12-10,5169.2,761494,3879427325.0
TQBR,2020-12-11,5124.0,494218,2538825773.0
TQBR,2020-12-14,5040.0,593283,3022896501.0
TQBR,2020-12-15,5050.0,385742,1952016802.0
TQBR,2020-12-16,5198.0,537219,2757995400.4
TQBR,2020-12-17,5145.4,927693,4841812729.6
TQBR,2020-12-18,5082.0,761583,3923714609.0
TQBR,2020-12-21,5004.4,875742,4441546106.2
TQBR,2020-12-22,5084.0,424981,2147183283.2
TQBR,2020-12-23,5113.0,351114,1785864872.0
TQBR,2020-12-24,5029.0,335422,1694264010.6
TQBR,2020-12-25,5039.8,91796,461673372.2
TQBR,2020-12-28,5026.4,337393,1696244484.4
TQBR,2020-12-29,5020.4,342208,1723459778.8
TQBR,2020-12-30,5167.0,476427,2435088417.2
TQBR,2021-01-04,5185.2,574355,2981290425.0
TQBR,2021-01-05,5340.4,688431,3614572476.8
TQBR,2021-01-06,5188.8,807871,4227108828.6
TQBR,2021-01-08,5254.2,892390,4705287843.6
TQBR,2021-01-11,5214.2,797506,4188534397.6
TQBR,2021-01-12,5121.8,626670,3240970205.2
TQBR,2021-01-13,5079.8,555186,2842336379.2
TQBR,2021-01-14,5077.4,740656,3752408069.4
TQBR,2021-01-15,4998.0,796914,4031103377.0
TQBR,2021-01-18,5043.6,535641,2689668691.2
TQBR,2021-01-19,5008.8,647154,3239470077.8
TQBR,2021-01-20,5170.0,819821,4149376405.4
TQBR,2021-01-21,5069.0,1025025,5207661254.0
TQBR,2021-01-22,5015.8,577594,2917426771.6
TQBR,2021-01-25,4901.8,1249512,6226574675.2
TQBR,2021-01-26,4898.2,1028163,5068025247.0
TQBR,2021-01-27,4828.4,1030407,5013261194.2
TQBR,2021-01-28,4876.2,480171,2334809785.0
TQBR,2021-01-29,4760.6,809644,3887139791.2
TQBR,2021-02-01,4847.4,574355,2750118213.4
TQBR,2021-02-02,4997.0,846853,4175517277.4
TQBR,2021-02-03,4917.2,674477,3343909489.8
TQBR,2021-02-04,5016.6,686785,3405770938.2
TQBR,2021-02-05,4973.6,587103,2918158708.0
TQBR,2021-02-08,5060.4,556335,2799103877.4
TQBR,2021-02-09,5147.2,787381,3999423615.4
TQBR,2021-02-10,5306.0,1508981,7907343275.2
TQBR,2021-02-11,5361.6,912527,4840377226.2
TQBR,2021-02-12,5448.0,1041105,5596351827.0
TQBR,2021-02-15,5478.0,576526,3145183852.4
TQBR,2021-02-16,5348.0,1160743,6272588680.2
TQBR,2021-02-17,5187.0,1369364,7183478664.6
TQBR,2021-02-18,5007.8,1182812,6007291557.0
TQBR,2021-02-19,5005.0,1449994,7330221170.0
TQBR,2021-02-20,5064.0,201588,1015596417.0
TQBR,2021-02-22,4918.0,909137,4524255182.4
TQBR,2021-02-24,4928.2,1004427,4987111087.2
TQBR,2021-02-25,4857.4,907416,4453832380.0
TQBR,2021-02-26,4813.2,1439800,6940260205.6
TQBR,2021-03-01,5004.6,1091709,5367798282.0
TQBR,2021-03-02,5027.0,684763,3433449632.8
TQBR,2021-03-03,4890.2,1021828,5145070218.8
TQBR,2021-03-04,4718.2,1343391,6486642215.0
TQBR,2021-03-05,4722.8,1440442,6795709855.2
TQBR,2021-03-09,4707.6,1506835,7015600571.0
TQBR,2021-03-10,4692.0,1120762,5313636822.0
TQBR,2021-03-11,4889.8,941718,4527181193.4
TQBR,2021-03-12,4960.4,758281,3689010050.2
TQBR,2021-03-15,5039.0,1140434,5691815576.8
TQBR,2021-03-16,5161.8,1551924,7889963229.2
TQBR,2021-03-17,5037.6,1873547,9447002345.0
TQBR,2021-03-18,4858.0,1792693,8935107996.2
TQBR,2021-03-19,4880.0,1155613,5665455858.6
TQBR,2021-03-22,4891.0,539538,2647644338.0
TQBR,2021-03-23,4906.0,670149,3291267601.4
TQBR,2021-03-24,4850.0,845688,4138548336.4
TQBR,2021-03-25,4741.0,1120384,5322538010.0
TQBR,2021-03-26,4785.0,799219,3812331358.4
TQBR,2021-03-29,4830.0,620506,2970785779.6
TQBR,2021-03-30,4788.0,715666,3414999515.6
TQBR,2021-03-31,4859.0,1119814,5398876721.2
TQBR,2021-04-01,4949.2,833318,4101915006.0
TQBR,2021-04-02,4935.0,294626,1452015682.8
TQBR,2021-04-05,4940.0,409412,2015947868.8
TQBR,2021-04-06,4961.8,692228,3428812803.2
TQBR,2021-04-07,4845.2,667099,3263531148.8
TQBR,2021-04-08,4888.0,701153,3432534817.0
TQBR,2021-04-09,4813.0,469505,2271960157.2
TQBR,2021-04-12,4854.8,627584,3042330869.4
TQBR,2021-04-13,4600.0,3818047,17729781750.6
TQBR,2021-04-14,4661.0,2830020,13222370648.8
TQBR,2021-04-15,4677.8,990278,4611510023.8
TQBR,2021-04-16,4690.0,554047,2591996794.0
TQBR,2021-04-19,4663.8,953981,4484259705.6
TQBR,2021-04-20,4665.6,797700,3720699339.8
TQBR,2021-04-21,4648.0,423735,1969232702.2
TQBR,2021-04-22,4605.0,851860,3951876191.4
TQBR,2021-04-23,4570.2,831848,3800160766.6
TQBR,2021-04-26,4703.6,1112764,5173441208.6
TQBR,2021-04-27,4732.0,994400,4707039136.6
TQBR,2021-04-28,4834.8,2010016,9627865260.6
TQBR,2021-04-29,5040.0,1771635,8777182165.8
TQBR,2021-04-30,4934.8,1319086,6549507914.8
TQBR,2021-05-04,4802.2,989899,4769885451.0
TQBR,2021-05-05,4864.4,698851,3406749311.6
TQBR,2021-05-06,4828.6,771877,3723272575.6
TQBR,2021-05-07,4831.6,515195,2480935160.4
TQBR,2021-05-10,4702.8,679641,3228827918.0
TQBR,2021-05-11,4678.0,1205126,5595847988.2
TQBR,2021-05-12,4601.0,964744,4487329901.0
TQBR,2021-05-13,4638.4,837167,3871461740.4
TQBR,2021-05-14,4687.0,504116,2347340318.4
TQBR,2021-05-17,4704.2,537816,2502857437.6
TQBR,2021-05-18,4740.0,969067,4610460920.4
TQBR,2021-05-19,4741.6,595523,2804291337.2
TQBR,2021-05-20,4750.8,549432,2591392617.0
TQBR,2021-05-21,4767.2,636091,3021313366.6
TQBR,2021-05-24,4891.8,785791,3803026458.6
TQBR,2021-05-25,4897.8,489860,2402487622.8
TQBR,2021-05-26,4995.4,728714,3622694647.8
TQBR,2021-05-27,4962.2,1124314,5603191916.0
TQBR,2021-05-28,4945.0,363853,1813281606.0
TQBR,2021-05-31,4942.0,231560,1144309379.2
TQBR,2021-06-01,4933.0,581864,2881322485.6
TQBR,2021-06-02,4948.0,680113,3363820122.0
TQBR,2021-06-03,4901.8,454193,2234789768.4
TQBR,2021-06-04,4923.4,534923,2624357379.0
TQBR,2021-06-07,4911.4,322087,1577357692.2
TQBR,2021-06-08,4889.6,429527,2105137292.6
TQBR,2021-06-09,4973.0,843314,4187942590.8
TQBR,2021-06-10,5005.8,510647,2542314829.4
TQBR,2021-06-11,5056.8,871887,4401786113.2
TQBR,2021-06-14,5090.0,214827,1088158521.6
TQBR,2021-06-15,4925.0,559259,2797454535.8
TQBR,2021-06-16,4962.8,534851,2644939033.2
TQBR,2021-06-17,5041.4,642804,3208632528.4
TQBR,2021-06-18,5047.0,868599,4375108863.2
TQBR,2021-06-21,5008.4,492244,2491716171.4
TQBR,2021-06-22,5007.0,367401,1840178089.6
TQBR,2021-06-23,5040.0,320099,1605608489.4
TQBR,2021-06-24,5033.0,375934,1894475722.4
TQBR,2021-06-25,5088.0,363605,1842294611.0
TQBR,2021-06-28,5099.8,337756,1724755775.0
TQBR,2021-06-29,5084.6,486823,2477366537.0
TQBR,2021-06-30,5176.6,861121,4441988658.0
TQBR,2021-07-01,5168.6,380958,1966922562.6
TQBR,2021-07-02,5216.0,339356,1758478683.8
TQBR,2021-07-05,5212.4,192214,1001752836.2
TQBR,2021-07-06,5247.4,476785,2492436978.8
TQBR,2021-07-07,5341.4,1001912,5351235080.0
TQBR,2021-07-08,5354.2,619525,3279632840.2
TQBR,2021-07-09,5235.8,625379,3279864017.8
TQBR,2021-07-12,5281.0,349942,1841474009.6
TQBR,2021-07-13,5256.8,374360,1967092244.0
TQBR,2021-07-14,5177.8,382862,2003027021.8
TQBR,2021-07-15,5188.0,313636,1628194741.0
TQBR,2021-07-16,5150.0,345083,1788059991.2
TQBR,2021-07-19,5109.0,545847,2789886595.6
TQBR,2021-07-20,5095.4,332920,1696235048.2
TQBR,2021-07-21,5151.2,260068,1330847925.0
TQBR,2021-07-22,5165.8,381263,1965646941.0
TQBR,2021-07-23,5196.4,304414,1569372806.4
TQBR,2021-07-26,5155.2,669645,3472327434.6
TQBR,2021-07-27,5035.2,740148,3755920787.4
TQBR,2021-07-28,5076.8,695681,3541820206.0
TQBR,2021-07-29,5034.6,505883,2556159254.8
TQBR,2021-07-30,4970.4,955247,4746152229.4
TQBR,2021-08-02,4938.0,353811,1759389923.4
TQBR,2021-08-03,4934.0,445189,2197296013.0
TQBR,2021-08-04,4989.6,479603,2380371078.0
TQBR,2021-08-05,4995.0,377016,1884240974.0
TQBR,2021-08-06,4971.2,393787,1955881996.6
TQBR,2021-08-09,4971.0,268762,1338152496.0
TQBR,2021-08-10,4966.2,276418,1372416835.0
TQBR,2021-08-11,5036.4,453412,2273094657.6
TQBR,2021-08-12,4984.4,370181,1858385687.4
TQBR,2021-08-13,4975.0,214780,1067435125.4
TQBR,2021-08-16,5093.0,582134,2935438724.0
TQBR,2021-08-17,5065.2,538028,2748227634.4
TQBR,2021-08-18,5055.2,295033,1499803367.8
TQBR,2021-08-19,5065.6,506131,2560656638.8
TQBR,2021-08-20,5061.0,287274,1457584257.8
TQBR,2021-08-23,5104.0,304458,1547377035.4
TQBR,2021-08-24,5159.0,372508,1907792886.0
TQBR,2021-08-25,5129.6,248440,1274436708.6
TQBR,2021-08-26,5219.0,399220,2064949316.0
TQBR,2021-08-27,5308.0,594225,3128837303.0
TQBR,2021-08-30,5352.4,570611,3047509784.4
TQBR,2021-08-31,5615.0,1521178,8381386922.2
TQBR,2021-09-01,5699.6,1062735,6015086488.4
TQBR,2021-09-02,5636.4,710448,4065565451.8
TQBR,2021-09-03,5732.6,525485,2975455183.6
TQBR,2021-09-06,5804.0,382781,2221194248.6
TQBR,2021-09-07,5690.8,618954,3561386026.0
TQBR,2021-09-08,5712.6,543559,3103447468.8
TQBR,2021-09-09,5735.0,411474,2346265950.0
TQBR,2021-09-10,5868.4,450412,2619363117.2
TQBR,2021-09-13,5939.2,517425,3046296795.6
TQBR,2021-09-14,5973.0,533973,3166815202.0
TQBR,2021-09-15,5892.0,504504,2991290152.4
TQBR,2021-09-16,5872.0,659653,3904125653.4
TQBR,2021-09-17,5828.4,543404,3198566340.6
TQBR,2021-09-20,5785.0,494746,2874594582.4
TQBR,2021-09-21,5771.8,379837,2195281944.8
TQBR,2021-09-22,5755.0,382832,2203551643.6
TQBR,2021-09-23,5885.0,354544,2060681269.6
TQBR,2021-09-24,5850.4,272784,1591287162.0
TQBR,2021-09-27,5949.2,694576,4108728242.2
TQBR,2021-09-28,5788.0,509468,2970892154.2
TQBR,2021-09-29,5762.4,351702,2041724090.4
TQBR,2021-09-30,5804.6,501154,2904093157.4
TQBR,2021-10-01,5766.4,334116,1934243765.0
TQBR,2021-10-04,5504.0,937337,5243583971.6
TQBR,2021-10-05,5594.2,932264,5186960475.8
TQBR,2021-10-06,5694.2,765041,4249617360.4
TQBR,2021-10-07,5705.2,756523,4314632041.8
TQBR,2021-10-08,5701.6,498066,2828916407.2
TQBR,2021-10-11,5622.2,446336,2530599409.0
TQBR,2021-10-12,5549.0,491846,2752978410.4
TQBR,2021-10-13,5553.8,483994,2699079755.0
TQBR,2021-10-14,5518.0,578237,3209491170.0
TQBR,2021-10-15,5427.2,591160,3235461006.6
TQBR,2021-10-18,5488.8,349721,1901979293.4
TQBR,2021-10-19,5480.0,498587,2734389412.6
TQBR,2021-10-20,5420.2,414093,2263594541.2
TQBR,2021-10-21,5390.0,364879,1973112427.6
TQBR,2021-10-22,5325.8,445067,2394183738.4
TQBR,2021-10-25,5383.0,429565,2309532098.0
TQBR,2021-10-26,5309.6,441077,2363084405.2
TQBR,2021-10-27,5573.8,1334333,7312884760.4
TQBR,2021-10-28,5823.0,1469124,8402486181.4
TQBR,2021-10-29,5879.2,1104152,6436054607.2
TQBR,2021-11-01,5890.0,575554,3381019944.8
TQBR,2021-11-02,5942.4,434453,2571601715.6
TQBR,2021-11-03,6027.0,552132,3295837274.4
TQBR,2021-11-05,6120.0,794837,4830958757.6
TQBR,2021-11-08,6161.0,626072,3859888788.4
TQBR,2021-11-09,5990.4,475170,2892772081.0
TQBR,2021-11-10,5857.8,554647,3303366530.0
TQBR,2021-11-11,5966.6,457512,2717536753.2
TQBR,2021-11-12,5970.2,870729,5147252364.8
TQBR,2021-11-15,5928.4,498501,2977836009.0
TQBR,2021-11-16,5936.4,391610,2321220664.2
TQBR,2021-11-17,5931.6,317222,1876290145.4
TQBR,2021-11-18,5993.8,323150,1922239940.6
TQBR,2021-11-19,5968.8,668262,4024921522.6
TQBR,2021-11-22,5450.0,2337141,13310626357.8
TQBR,2021-11-23,5571.0,1534645,8521479351.0
TQBR,2021-11-24,5542.2,1007377,5597871392.2
TQBR,2021-11-25,5552.8,339374,1893090633.4
TQBR,2021-11-26,5380.0,1250402,6755464762.0
TQBR,2021-11-29,5407.0,1150658,6253848071.4
TQBR,2021-11-30,5359.4,1632649,8824695136.6
TQBR,2021-12-01,5330.8,617156,3336388093.8
TQBR,2021-12-02,5255.0,955367,5043941359.6
TQBR,2021-12-03,5100.6,880159,4579129513.4
TQBR,2021-12-06,5068.0,820384,4114539271.8
TQBR,2021-12-07,4992.0,978824,4991081568.4
TQBR,2021-12-08,4932.2,1047131,5172421583.8
TQBR,2021-12-09,4853.6,897648,4448800139.2
TQBR,2021-12-10,4664.0,1103345,5265399747.6
TQBR,2021-12-13,4560.0,1414531,6506397396.2
TQBR,2021-12-14,4586.4,1153010,5258565066.0
TQBR,2021-12-15,4511.6,826881,3745573138.8
TQBR,2021-12-16,4609.6,1817894,8530174680.6
TQBR,2021-12-17,4630.2,1105994,5114296804.6
TQBR,2021-12-20,4474.8,772841,3507263113.6
TQBR,2021-12-21,4578.8,630011,2862573302.6
TQBR,2021-12-22,4488.4,916730,4188726370.6
TQBR,2021-12-23,4410.6,801733,3571529755.0
TQBR,2021-12-24,4424.8,553626,2436521490.0
TQBR,2021-12-27,4467.8,597509,2669146972.2
TQBR,2021-12-28,4482.0,698082,3145558375.0
TQBR,2021-12-29,4418.8,887137,3943235057.6
TQBR,2021-12-30,4569.4,755800,3396970778.6
TQBR,2022-01-03,4515.2,848838,3878035444.0
TQBR,2022-01-04,4479.8,906794,4082157142.8
TQBR,2022-01-05,4275.0,990787,4344031366.2
TQBR,2022-01-06,4226.6,1178007,5036166185.2
TQBR,2022-01-10,4196.4,1492461,6204182444.2
TQBR,2022-01-11,4338.2,1677360,7234621959.8
TQBR,2022-01-12,4393.2,1487576,6565086855.6
TQBR,2022-01-13,4168.0,1979099,8520412774.2
TQBR,2022-01-14,3938.6,3328695,13299177366.0
TQBR,2022-01-17,4075.6,1906507,7638962741.0
TQBR,2022-01-18,3769.0,2665772,10285417598.6
TQBR,2022-01-19,3701.8,3633933,13807463406.2
TQBR,2022-01-20,3669.2,2676169,10116442988.0
TQBR,2022-01-21,3490.0,2985092,10872097651.2
TQBR,2022-01-24,3345.0,4852822,15913595059.6
TQBR,2022-01-25,3409.2,3462606,11515274861.0
TQBR,2022-01-26,3364.8,3250161,11189235439.4
TQBR,2022-01-27,3405.2,4035349,13939621703.8
TQBR,2022-01-28,3448.4,3395469,11737559901.0
TQBR,2022-01-31,3717.6,2663507,9554218141.8
TQBR,2022-02-01,3724.0,3345854,12615889147.0
TQBR,2022-02-02,3675.0,2710952,10156535970.4
TQBR,2022-02-03,3517.0,2415339,8621670660.6
TQBR,2022-02-04,3502.4,2121419,7528256106.4
TQBR,2022-02-07,3468.0,1247485,4351348951.8
TQBR,2022-02-08,3624.2,1924606,6786042648.8
TQBR,2022-02-09,3763.0,2115989,7871344916.4
TQBR,2022-02-10,3805.0,2899988,10946351914.4
TQBR,2022-02-11,3429.8,3930122,14243781074.2
TQBR,2022-02-14,3471.4,4797695,16589105218.8
TQBR,2022-02-15,3953.2,7829268,29630553381.8
TQBR,2022-02-16,4044.8,5894408,23768872237.0
TQBR,2022-02-17,3772.6,4475828,17213156077.8
TQBR,2022-02-18,3475.4,5001200,18186129668.4
TQBR,2022-02-21,3065.8,10652702,34393594821.4
TQBR,2022-02-22,3154.8,10242769,31963231740.6
TQBR,2022-02-24,1990.0,9015219,18464322225.6
TQBR,2022-02-25,1931.2,5757694,12013241254.8
TQBR,2022-03-29,2020.0,2592384,5316200581.2
TQBR,2022-03-30,2154.0,1778096,3812673244.6
TQBR,2022-03-31,2259.0,1683816,3755740168.2
TQBR,2022-04-01,2325.0,2145260,5069281015.8
TQBR,2022-04-04,2285.0,1775610,4072797551.4
TQBR,2022-04-05,2158.4,1725243,3786509275.4
TQBR,2022-04-06,2070.8,1398633,2918256882.0
TQBR,2022-04-07,2130.0,1409056,3040672212.0
TQBR,2022-04-08,2115.0,626344,1332927370.2
TQBR,2022-04-11,2097.0,429678,908480166.6
TQBR,2022-04-12,2074.0,472507,963924067.8
TQBR,2022-04-13,2088.0,244637,508588905.8
TQBR,2022-04-14,1945.2,511340,1023719334.2
TQBR,2022-04-15,1979.6,343213,670094691.8
TQBR,2022-04-18,1880.2,419970,810371166.8
TQBR,2022-04-19,1857.6,784348,1419257905.4
TQBR,2022-04-20,1789.8,781642,1437154428.6
TQBR,2022-04-21,1646.0,970849,1680065352.6
TQBR,2022-04-22,1692.0,1136197,1826059224.6
TQBR,2022-04-25,1520.8,818754,1299512882.0
TQBR,2022-04-26,1600.8,981415,1527918572.0
TQBR,2022-04-27,1748.6,915372,1576208028.8
TQBR,2022-04-28,1721.0,1226293,2231493604.0
TQBR,2022-04-29,1766.6,395085,701053298.8
TQBR,2022-05-04,1699.0,368603,642448779.2
TQBR,2022-05-05,1734.4,187668,324698503.6
TQBR,2022-05-06,1688.0,200402,337842610.0
TQBR,2022-05-11,1677.4,255646,430610240.2
TQBR,2022-05-12,1594.0,259926,418747007.8
TQBR,2022-05-13,1593.0,121145,193741145.0
TQBR,2022-05-16,1638.2,266037,437038649.6
TQBR,2022-05-17,1701.0,204920,343812920.6
TQBR,2022-05-18,1715.8,321629,564213302.8
TQBR,2022-05-19,1705.0,203895,342847046.4
TQBR,2022-05-20,1646.0,261098,434944607.6
TQBR,2022-05-23,1592.8,199405,319573080.8
TQBR,2022-05-24,1590.0,197074,309637592.6
TQBR,2022-05-25,1608.0,187766,300742139.2
TQBR,2022-05-26,1670.0,461177,764380796.6
TQBR,2022-05-27,1644.0,221086,365128125.2
TQBR,2022-05-30,1597.6,214285,345984557.8
TQBR,2022-05-31,1567.8,151996,239656744.2
TQBR,2022-06-01,1586.0,226672,362783554.8
TQBR,2022-06-02,1592.0,204052,324067104.4
TQBR,2022-06-03,1497.0,1367308,2055600308.0
TQBR,2022-06-06,1399.8,904102,1291278582.6
TQBR,2022-06-07,1438.0,760606,1052420024.2
TQBR,2022-06-08,1456.2,370122,542763382.4
TQBR,2022-06-09,1401.4,379496,534602253.8
TQBR,2022-06-10,1400.8,492966,691152112.0
TQBR,2022-06-14,1386.0,324922,454439546.8
TQBR,2022-06-15,1390.0,239641,333772470.2
TQBR,2022-06-16,1456.2,474175,674200850.2
TQBR,2022-06-17,1465.0,454570,671172981.4
TQBR,2022-06-20,1560.8,570138,867451894.0
TQBR,2022-06-21,1533.8,592516,935517727.2
TQBR,2022-06-22,1600.0,331678,515293028.8
TQBR,2022-06-23,1662.0,460814,753077337.4
TQBR,2022-06-24,1645.0,246009,403545489.0
TQBR,2022-06-27,1779.0,523233,898757902.6
TQBR,2022-06-28,1750.0,396257,696673260.0
TQBR,2022-06-29,1712.0,310178,530603240.2
TQBR,2022-06-30,1603.8,489999,799136636.0
TQBR,2022-07-01,1596.0,215291,343218809.2
TQBR,2022-07-04,1660.0,317034,524630945.6
TQBR,2022-07-05,1701.4,358305,611805496.4
TQBR,2022-07-06,1655.0,400939,687934077.2
TQBR,2022-07-07,1711.0,418758,714408158.4
TQBR,2022-07-08,1704.0,262131,448366211.4
TQBR,2022-07-11,1678.0,360338,614197876.8
TQBR,2022-07-12,1660.6,409971,669461492.8
TQBR,2022-07-13,1600.0,239329,388770820.8
TQBR,2022-07-14,1613.6,304541,496278249.8
TQBR,2022-07-15,1638.6,225785,367916328.0
TQBR,2022-07-18,1696.0,436685,733333168.2
TQBR,2022-07-19,1672.4,314098,525098206.6
TQBR,2022-07-20,1715.4,439310,756491149.8
TQBR,2022-07-21,1701.0,216728,367507142.6
TQBR,2022-07-22,1800.0,607010,1074481341.2
TQBR,2022-07-25,1973.0,1206214,2302095138.2
TQBR,2022-07-26,2136.0,2864855,5949506662.2
TQBR,2022-07-27,2072.0,1813672,3759955667.0
TQBR,2022-07-28,2063.0,570958,1183400235.4
TQBR,2022-07-29,1952.0,1288329,2582755408.8
TQBR,2022-08-01,1926.2,981252,1873849381.4
TQBR,2022-08-02,1891.2,643452,1226308808.6
TQBR,2022-08-03,1956.0,710250,1387432682.4
TQBR,2022-08-04,2000.0,707565,1416681995.0
TQBR,2022-08-05,1837.0,1360391,2583037703.6
TQBR,2022-08-08,1933.0,921073,1782761813.4
TQBR,2022-08-09,1944.4,429517,820809155.2
TQBR,2022-08-10,1971.8,393812,773087048.6
TQBR,2022-08-11,1915.6,571316,1127263843.0
TQBR,2022-08-12,1903.0,509677,978602306.2
TQBR,2022-08-15,1904.0,350686,668064522.0
TQBR,2022-08-16,1935.0,226933,436168685.2
TQBR,2022-08-17,1958.0,317210,620954707.6
TQBR,2022-08-18,1966.0,208422,408843750.2
TQBR,2022-08-19,1936.6,191728,371539520.2
TQBR,2022-08-22,2006.0,578816,1149525926.6
TQBR,2022-08-23,2082.2,757782,1560268955.4
TQBR,2022-08-24,2085.2,536350,1121829813.2
TQBR,2022-08-25,2118.8,425445,894753134.2
TQBR,2022-08-26,2100.0,310171,652748286.0
TQBR,2022-08-29,2105.0,282672,592684222.2
TQBR,2022-08-30,2190.0,1022110,2212277993.0
TQBR,2022-08-31,2170.6,695211,1509343101.6
TQBR,2022-09-01,2178.0,301049,655382806.6
TQBR,2022-09-02,2150.0,424207,908266315.4
TQBR,2022-09-05,2155.0,211323,453701404.0
TQBR,2022-09-06,2070.0,856700,1792595935.8
TQBR,2022-09-07,2076.0,386744,801244887.2
TQBR,2022-09-08,2064.0,304247,628935780.0
TQBR,2022-09-09,2093.0,243668,504826532.8
TQBR,2022-09-12,2148.6,798459,1718055693.4
TQBR,2022-09-13,2191.4,787671,1716972754.2
TQBR,2022-09-14,2167.4,522539,1125926848.8
TQBR,2022-09-15,2177.6,421394,916907980.2
TQBR,2022-09-16,2206.0,781491,1727689971.6
TQBR,2022-09-19,2230.0,513652,1143894526.8
TQBR,2022-09-20,2010.0,3599016,7429197631.4
TQBR,2022-09-21,1899.4,2225489,4173171833.4
TQBR,2022-09-22,1916.8,978679,1891729406.4
TQBR,2022-09-23,1791.8,1516590,2756676812.2
TQBR,2022-09-26,1543.0,2238228,3633322523.6
TQBR,2022-09-27,1713.2,1712346,2802495915.2
TQBR,2022-09-28,1780.0,1812317,3158268031.6
TQBR,2022-09-29,1840.6,1822177,3300626576.2
TQBR,2022-09-30,1877.6,2257323,4234250589.6
TQBR,2022-10-03,1959.0,937157,1794827319.0
TQBR,2022-10-04,1985.0,1245778,2445862337.6
TQBR,2022-10-05,2029.8,1990459,3985640373.8
TQBR,2022-10-06,2004.4,893389,1803592849.4
TQBR,2022-10-07,1930.2,932727,1826291932.2
TQBR,2022-10-10,1998.0,1428331,2753710822.2
TQBR,2022-10-11,2006.6,849345,1709623721.0
TQBR,2022-10-12,2044.0,837645,1702345466.6
TQBR,2022-10-13,2032.0,1076773,2212594939.4
TQBR,2022-10-14,1991.0,867570,1730571082.4
TQBR,2022-10-17,2022.2,475370,956967092.2
TQBR,2022-10-18,1968.0,610814,1222765572.0
TQBR,2022-10-19,1927.4,1427441,2737119909.4
TQBR,2022-10-20,1928.8,540145,1043954720.6
TQBR,2022-10-21,1976.0,446820,869295193.8
TQBR,2022-10-24,1973.4,353623,699112347.0
TQBR,2022-10-25,2020.2,471861,941721799.0
TQBR,2022-10-26,2008.0,463943,932859423.6
TQBR,2022-10-27,2021.0,415438,839453795.8
TQBR,2022-10-28,2021.8,473013,948510874.2
TQBR,2022-10-31,2109.0,804929,1669699734.2
TQBR,2022-11-01,2157.0,749909,1598832818.6
TQBR,2022-11-02,2110.0,575115,1225203136.0
TQBR,2022-11-03,2119.0,805076,1696420472.8
TQBR,2022-11-07,2151.6,576834,1239903495.6
TQBR,2022-11-08,2127.6,343975,734373160.8
TQBR,2022-11-09,2060.4,607685,1269577225.2
TQBR,2022-11-10,2111.6,492253,1026406987.4
TQBR,2022-11-11,2122.2,328600,697813159.4
TQBR,2022-11-14,2132.4,318113,677429360.6
TQBR,2022-11-15,2071.6,1055816,2209121045.4
TQBR,2022-11-16,2114.2,327224,687403010.0
TQBR,2022-11-17,2097.8,185221,389682174.2
TQBR,2022-11-18,2098.2,232001,485192421.6
TQBR,2022-11-21,2068.0,378460,778635360.4
TQBR,2022-11-22,2083.8,202485,420522203.2
TQBR,2022-11-23,2135.0,669573,1421269132.0
TQBR,2022-11-24,2130.0,346231,737486488.4
TQBR,2022-11-25,2020.4,1925083,3963219153.0
TQBR,2022-11-28,1914.2,2250752,4358869079.0
TQBR,2022-11-29,1986.2,1184421,2325678363.6
TQBR,2022-11-30,1996.6,763500,1517595775.6
TQBR,2022-12-01,1980.2,412844,816362654.0
TQBR,2022-12-02,1971.2,268377,528278769.8
TQBR,2022-12-05,1985.8,601596,1199188478.4
TQBR,2022-12-06,1989.4,367307,728319033.4
TQBR,2022-12-07,1976.4,218528,431703729.0
TQBR,2022-12-08,1958.4,312451,612304200.0
TQBR,2022-12-09,1949.4,193634,377138754.6
TQBR,2022-12-12,1921.8,279448,538219325.8
TQBR,2022-12-13,1899.2,489645,930781665.0
TQBR,2022-12-14,1851.0,749290,1390316669.8
TQBR,2022-12-15,1849.6,567675,1051766313.8
TQBR,2022-12-16,1836.4,255838,471563730.2
TQBR,2022-12-19,1768.8,583812,1049988504.4
TQBR,2022-12-20,1842.0,509995,923383171.2
TQBR,2022-12-21,1833.8,522598,957409208.2
TQBR,2022-12-22,1847.0,425059,781835926.6
TQBR,2022-12-23,1821.2,401515,732028526.6
TQBR,2022-12-26,1811.4,393801,713428744.4
TQBR,2022-12-27,1834.0,356239,650929573.6
TQBR,2022-12-28,1815.8,349565,638015623.4
TQBR,2022-12-29,1819.6,233791,424450035.6
TQBR,2022-12-30,1817.8,370916,670397013.8
TQBR,2023-01-03,1832.0,210144,383091943.6
TQBR,2023-01-04,1867.0,221874,412604906.6
TQBR,2023-01-05,1855.4,156867,291909502.8
TQBR,2023-01-06,1850.4,74726,138427376.8
TQBR,2023-01-09,1866.8,216523,403899791.2
TQBR,2023-01-10,1870.0,195539,364796952.6
TQBR,2023-01-11,1909.0,307074,580860652.2
TQBR,2023-01-12,1897.8,203032,385146576.2
TQBR,2023-01-13,1912.0,208336,396189808.0
TQBR,2023-01-16,1953.8,314693,611132805.0
TQBR,2023-01-17,1889.6,533198,1025313561.2
TQBR,2023-01-18,1906.6,408580,780995249.4
TQBR,2023-01-19,1882.4,196325,370644679.0
TQBR,2023-01-20,1904.8,308450,584212795.2
TQBR,2023-01-23,1945.0,338795,655718680.6
TQBR,2023-01-24,1919.8,422884,818874341.4
TQBR,2023-01-25,1914.8,237593,454888125.6
TQBR,2023-01-26,1902.8,250598,477230102.8
TQBR,2023-01-27,1912.0,154610,294827784.6
TQBR,2023-01-30,1934.0,188918,363793938.2
TQBR,2023-01-31,2047.2,1186594,2376965121.2
TQBR,2023-02-01,2088.0,1733264,3613246621.2
TQBR,2023-02-02,2075.0,420353,871855671.2
TQBR,2023-02-03,2055.8,538459,1101946127.8
TQBR,2023-02-06,2094.6,764671,1601598246.6
TQBR,2023-02-07,2076.6,442888,921453136.0
TQBR,2023-02-08,2060.2,421576,866800667.0
TQBR,2023-02-09,2040.4,246706,504611366.8
TQBR,2023-02-10,2060.8,322535,661372704.6
TQBR,2023-02-13,2065.2,399731,828902730.4
TQBR,2023-02-14,2028.6,796126,1611542448.4
TQBR,2023-02-15,1969.2,1837212,3684399014.2
TQBR,2023-02-16,1976.4,626499,1246582214.0
TQBR,2023-02-17,1971.0,332342,654580815.8
TQBR,2023-02-20,1958.0,449058,871788551.2
TQBR,2023-02-21,1993.8,821232,1639869152.4
TQBR,2023-02-22,1980.4,242292,480471124.0
TQBR,2023-02-24,1986.6,144989,288582732.2
TQBR,2023-02-27,2007.4,669644,1331735269.8
TQBR,2023-02-28,2015.0,353995,714900918.0
TQBR,2023-03-01,2033.8,343545,697420168.2
TQBR,2023-03-02,1970.8,1220606,2419732983.0
TQBR,2023-03-03,1984.2,355874,705537999.4
TQBR,2023-03-06,1973.0,591453,1169362039.6
TQBR,2023-03-07,1961.8,338370,664470107.0
TQBR,2023-03-09,1942.0,465674,906397501.0
TQBR,2023-03-10,1917.0,481031,925487244.2
TQBR,2023-03-13,1907.4,680349,1297315800.2
TQBR,2023-03-14,1901.2,384094,728968958.6
TQBR,2023-03-15,1864.2,544153,1025167994.4
TQBR,2023-03-16,1851.0,1265769,2329839618.8
TQBR,2023-03-17,1898.0,674292,1264529304.4
TQBR,2023-03-20,1910.0,666187,1265837638.2
TQBR,2023-03-21,1887.6,464576,882561114.8
TQBR,2023-03-22,1887.8,368753,694197224.2
TQBR,2023-03-23,1902.0,264221,502360551.0
TQBR,2023-03-24,1886.4,183604,347366690.4
TQBR,2023-03-27,1919.6,370705,708455643.0
TQBR,2023-03-28,1929.6,353808,683622596.6
TQBR,2023-03-29,1919.6,271669,521238234.0
TQBR,2023-03-30,1917.4,230387,442053757.2
TQBR,2023-03-31,1901.6,304841,579174074.6
TQBR,2023-04-03,1913.0,225470,430931771.8
TQBR,2023-04-04,1905.0,345785,660906811.6
TQBR,2023-04-05,1907.2,201797,383818181.2
TQBR,2023-04-06,1912.8,422190,811142027.6
TQBR,2023-04-07,1919.8,196362,376700289.4
TQBR,2023-04-10,1993.0,1386407,2737581398.0
TQBR,2023-04-11,1952.2,1083195,2141861307.4
TQBR,2023-04-12,1953.6,309953,604735755.8
TQBR,2023-04-13,1954.0,243763,475600955.4
TQBR,2023-04-14,1945.0,178518,347405305.0
TQBR,2023-04-17,1964.8,334702,655383460.0
TQBR,2023-04-18,1981.4,422957,833589774.4
TQBR,2023-04-19,1989.6,1006720,2011087942.0
TQBR,2023-04-20,2098.6,1934934,3967101733.4
TQBR,2023-04-21,2086.8,1233355,2574409843.4
TQBR,2023-04-24,2080.0,506596,1054930530.6
TQBR,2023-04-25,2059.4,408505,841850234.0
TQBR,2023-04-26,2113.0,1088288,2288059458.6
TQBR,2023-04-27,2101.6,1693389,3592136719.0
TQBR,2023-04-28,2070.6,626663,1299701315.6
TQBR,2023-05-02,2015.0,1006835,2042633284.4
TQBR,2023-05-03,1930.4,1079240,2132766687.2
TQBR,2023-05-04,1979.6,712315,1394541228.2
TQBR,2023-05-05,1948.0,426605,837491857.4
TQBR,2023-05-08,1943.0,166172,323793027.0
TQBR,2023-05-10,2008.8,657348,1303840970.0
TQBR,2023-05-11,2007.2,1236556,2493296141.2
TQBR,2023-05-12,2012.0,355081,710973709.8
TQBR,2023-05-15,2049.6,414173,842511856.8
TQBR,2023-05-16,2045.6,370194,755021587.0
TQBR,2023-05-17,2058.0,453021,929968425.2
TQBR,2023-05-18,2032.8,443683,907314617.0
TQBR,2023-05-19,2223.2,6557118,14351431578.8
TQBR,2023-05-22,2300.0,3773233,8672662543.2
TQBR,2023-05-23,2242.8,1426676,3216151271.2
TQBR,2023-05-24,2220.0,1036457,2288872350.6
TQBR,2023-05-25,2350.0,3408528,7820682009.6
TQBR,2023-05-26,2322.0,1093150,2537933769.0
TQBR,2023-05-29,2390.0,1489054,3507040680.4
TQBR,2023-05-30,2303.6,1703701,3976637378.6
TQBR,2023-05-31,2324.2,1037156,2378724891.0
TQBR,2023-06-01,2313.4,659179,1533483073.6
TQBR,2023-06-02,2343.6,557313,1295532072.2
TQBR,2023-06-05,2305.8,929861,2175573165.8
TQBR,2023-06-06,2323.2,685501,1578212740.0
TQBR,2023-06-07,2425.4,1490407,3555294541.8
TQBR,2023-06-08,2520.0,2589720,6445497507.6
TQBR,2023-06-09,2506.6,1363179,3423663360.8
TQBR,2023-06-13,2566.8,947741,2386389362.4
TQBR,2023-06-14,2620.0,1538877,4020883942.8
TQBR,2023-06-15,2600.0,1334749,3465866179.6
TQBR,2023-06-16,2547.0,2371168,6031770693.2
